f1,f2,profit,date
0.9895498794788208,0.0037354346836118374,0.0037354346836118374,2015-01-05
0.6840495761092712,0.006422617986497644,0.006422617986497644,2015-01-06
0.6338187124831675,0.014315348021622605,0.014315348021622605,2015-01-07
0.9037063295259021,0.008812049715262341,0.008812049715262341,2015-01-08
0.6511939893913283,0.002574332013139552,0.002574332013139552,2015-01-09
0.4670002815501293,0.008505563321920762,0.0,2015-01-13
0.10368208930406231,0.007271167757531197,-0.007271167757531197,2015-01-14
0.8319509371920689,0.015368763825508685,0.015368763825508685,2015-01-15
0.6369465196714144,0.005317789161413168,0.005317789161413168,2015-01-16
0.7937513267417672,0.005607308017151677,0.005607308017151677,2015-01-19
0.7570862682174151,0.012901601430473477,0.012901601430473477,2015-01-20
0.8901433991717929,0.03756862403994517,0.03756862403994517,2015-01-21
0.595742133836562,0.01357985348779524,0.0,2015-01-22
0.3995527879688697,0.006521006424488557,-0.006521006424488557,2015-01-23
0.22617576916765836,0.00780755793933747,-0.00780755793933747,2015-01-26
0.1104633204512031,0.0025062929001433885,-0.0025062929001433885,2015-01-27
0.5670029242469619,0.0291126293763512,0.0,2015-01-28
0.38278812592283784,0.01865275032167705,-0.01865275032167705,2015-01-29
0.5140033194268062,0.005244035580511387,0.0,2015-01-30
0.5501841964379991,0.020953956581072724,0.0,2015-02-02
0.3826207317450313,0.021854560818313152,-0.021854560818313152,2015-02-03
0.2217607315927983,0.05788996186688188,-0.05788996186688188,2015-02-04
0.21173825898358745,0.027362021364839537,-0.027362021364839537,2015-02-05
0.8395661819899262,0.00794171880381982,0.00794171880381982,2015-02-06
0.6630266459155025,0.02507231514003869,0.02507231514003869,2015-02-09
0.06134197374888306,0.0037251188229260558,-0.0037251188229260558,2015-02-10
0.9237869853175743,0.0149284609185018,0.0149284609185018,2015-02-12
0.09760928912936373,0.0003981153075820912,-0.0003981153075820912,2015-02-13
0.797433712009835,0.001580115510475139,0.001580115510475139,2015-02-16
0.3274079916702254,0.02474165483307188,-0.02474165483307188,2015-02-17
0.17169216357105543,0.0070656532152338,-0.0070656532152338,2015-02-18
0.700001103117246,0.014069825921111105,0.014069825921111105,2015-02-19
0.3409964838113828,0.038807857132640164,-0.038807857132640164,2015-02-20
0.13153876890563654,0.03278793430606758,-0.03278793430606758,2015-02-23
0.7136494943332314,0.012067315550621016,0.012067315550621016,2015-02-24
0.7236667392288849,0.016518511573646102,0.016518511573646102,2015-02-25
0.8710311340047056,0.016721962282318027,0.016721962282318027,2015-02-26
0.5666202776180377,0.0007781255668607162,0.0,2015-02-27
0.3266375351383728,0.023520648677506893,-0.023520648677506893,2015-03-02
0.07644213981233583,0.010156899365620618,-0.010156899365620618,2015-03-03
0.2805668789530805,0.02123580301318067,-0.02123580301318067,2015-03-04
0.9199965355751851,0.010527698701483285,0.010527698701483285,2015-03-05
0.25592195089739955,0.011129127789262897,-0.011129127789262897,2015-03-06
0.8845848897138289,0.00790737826702214,0.00790737826702214,2015-03-09
0.6410354685601273,0.002640566112676098,0.002640566112676098,2015-03-10
0.1045155037844997,0.011325865315587231,-0.011325865315587231,2015-03-11
0.7965058835628027,0.03629249251368224,0.03629249251368224,2015-03-12
0.924920744988703,0.024216841942947244,0.024216841942947244,2015-03-13
0.8181032988163761,0.002922212679214475,0.002922212679214475,2015-03-16
0.18855940110770097,0.010424671967734068,-0.010424671967734068,2015-03-17
0.44063653557154625,0.004643579664819141,0.0,2015-03-18
0.932524670363778,0.0050893598705157505,0.0050893598705157505,2015-03-19
0.8458014153331482,0.0042703636376245704,0.0042703636376245704,2015-03-20
0.7415702908585428,0.0010481429763660186,0.0010481429763660186,2015-03-23
0.8335213593512456,0.02412587284719556,0.02412587284719556,2015-03-24
0.11054459370854774,0.0030080398408214915,-0.0030080398408214915,2015-03-25
0.012108533443725089,0.0036617968332578127,-0.0036617968332578127,2015-03-26
0.07652299680322472,0.0024964603253231545,-0.0024964603253231545,2015-03-27
0.8430283034790775,0.005218051545718292,0.005218051545718292,2015-03-30
0.3920475837541426,0.008999170402499536,-0.008999170402499536,2015-03-31
0.262616581012322,0.011997914121159376,-0.011997914121159376,2015-04-01
0.9626721993576804,0.02665613375199607,0.02665613375199607,2015-04-02
0.037635351188337496,0.007416728583311216,-0.007416728583311216,2015-04-03
0.6462161794111907,0.019797444652318634,0.019797444652318634,2015-04-06
0.09428183940654566,0.02007512934357729,-0.02007512934357729,2015-04-07
0.4409342837203264,0.0033845857112172117,0.0,2015-04-08
0.45486319019197985,0.014500612180934536,0.0,2015-04-09
0.051540542708114256,0.006741991826209891,-0.006741991826209891,2015-04-10
0.9830574712252421,0.008216662723692796,0.008216662723692796,2015-04-13
0.3917683663948741,0.03834404760634122,-0.03834404760634122,2015-04-14
0.4983599455552805,0.03807629492215175,0.0,2015-04-15
0.7486632859431727,0.004281158997686616,0.004281158997686616,2015-04-16
0.2074695051532801,0.005909263967618605,-0.005909263967618605,2015-04-17
0.2867593796579365,0.003728785581955064,-0.003728785581955064,2015-04-20
0.26516160380121945,0.007582977662232546,-0.007582977662232546,2015-04-21
0.9961681028245374,0.014927757721575433,0.014927757721575433,2015-04-22
0.6867590449816992,0.005757425887615206,0.005757425887615206,2015-04-23
0.12320921293456377,0.002572669461981737,-0.002572669461981737,2015-04-24
0.5283017155062817,0.02512641855336792,0.0,2015-04-27
0.24734306374676918,0.011150061960550633,-0.011150061960550633,2015-04-28
0.8670840394018066,0.0020249762588854517,0.0020249762588854517,2015-04-30
0.3483704115399263,0.028405528726876458,-0.028405528726876458,2015-05-01
0.5428762281602029,0.009414361363899162,0.0,2015-05-07
0.27236321655758744,0.003466772462240999,-0.003466772462240999,2015-05-08
0.936265307062447,0.005766416238716643,0.005766416238716643,2015-05-11
0.8280484996640055,0.02480447681319016,0.02480447681319016,2015-05-12
0.32732312386040185,0.016889261831163817,-0.016889261831163817,2015-05-13
0.5104672208664668,0.02553821223216816,0.0,2015-05-14
0.48307734037907524,0.02013970666428005,0.0,2015-05-15
0.02676096953710716,0.024831173111798322,-0.024831173111798322,2015-05-18
0.14340584928423272,0.004678776396081038,-0.004678776396081038,2015-05-19
0.36660492252297494,1.2922518926735132e-05,-1.2922518926735132e-05,2015-05-20
0.5594952052666095,0.004664670118161145,0.0,2015-05-21
0.6247231242273791,0.02213596862790788,0.02213596862790788,2015-05-22
0.8216851719611652,0.013736239055022132,0.013736239055022132,2015-05-25
0.5720436728225423,0.028232141690518055,0.0,2015-05-26
0.16550942178135009,0.019451093131815,-0.019451093131815,2015-05-27
0.4281762558580524,0.00474521980356973,0.0,2015-05-28
0.794184595517802,0.011364413379377644,0.011364413379377644,2015-05-29
0.9954149798992501,0.01028914390710997,0.01028914390710997,2015-06-01
0.8964150491550673,0.012035016099635101,0.012035016099635101,2015-06-02
0.6133190008138381,0.010220195400065784,0.010220195400065784,2015-06-03
0.8664384604140789,0.0021448132790279455,0.0021448132790279455,2015-06-04
0.9440044213504556,0.024366386952399146,0.024366386952399146,2015-06-05
0.5731245485253904,0.017612535881047255,0.0,2015-06-08
0.4869644014179212,0.006717677962289674,0.0,2015-06-09
0.606052377354915,0.006637624214680072,0.006637624214680072,2015-06-10
0.9715882486402744,0.025098711733374808,0.025098711733374808,2015-06-11
0.5435861732571307,0.006874491590156928,0.0,2015-06-12
0.4903406874268659,0.0019177946686699911,0.0,2015-06-15
0.9338545654285487,0.011751341046610277,0.011751341046610277,2015-06-16
0.602608541258983,0.0018659515222910871,0.0018659515222910871,2015-06-17
0.7414746808975665,0.024871877377779555,0.024871877377779555,2015-06-18
0.8998689098667189,0.008305454456564249,0.008305454456564249,2015-06-19
0.7727787088936869,0.00467208466641749,0.00467208466641749,2015-06-22
0.5129567134966567,0.02700245626370168,0.0,2015-06-23
0.8843858974754983,0.012946085089537988,0.012946085089537988,2015-06-24
0.8413206080933744,0.005697520325646927,0.005697520325646927,2015-06-25
0.9003652974480151,0.0033079088974084588,0.0033079088974084588,2015-06-26
0.4721777822915254,0.014505232123888745,0.0,2015-06-29
0.5659226176801331,0.004847247383134932,0.0,2015-06-30
0.6095222172334915,0.007288968374985458,0.007288968374985458,2015-07-01
0.32931069813572567,0.007186107226573806,-0.007186107226573806,2015-07-02
0.24057235175168745,0.004957364594227663,-0.004957364594227663,2015-07-03
0.15127675588199208,0.004180018854806856,-0.004180018854806856,2015-07-06
0.0031744355027047977,0.008756433571899864,-0.008756433571899864,2015-07-07
0.2103431745066825,0.006674318017586318,-0.006674318017586318,2015-07-08
0.7417525124571207,0.004720198484111616,0.004720198484111616,2015-07-09
0.43599860905274834,0.0040637809359998405,0.0,2015-07-10
0.3203694636828752,0.007840070047451185,-0.007840070047451185,2015-07-13
0.5756035063344713,0.015502834524812492,0.0,2015-07-14
0.3797017728456191,0.008134221970670399,-0.008134221970670399,2015-07-15
0.1411094434794693,0.021972426911910186,-0.021972426911910186,2015-07-16
0.8018270747472133,0.016078129949722388,0.016078129949722388,2015-07-17
0.4740656030063771,0.0021421679784877318,0.0,2015-07-21
0.5629803625977926,0.0005867138804704915,0.0,2015-07-22
0.33169841476962225,0.02159795526988822,-0.02159795526988822,2015-07-23
0.4451163379872666,0.022223487970873482,0.0,2015-07-24
0.4562551495582132,0.007302992386857193,0.0,2015-07-27
0.03263791339705435,0.03036706886274144,-0.03036706886274144,2015-07-28
0.21543571686991791,0.02709000196920282,-0.02709000196920282,2015-07-29
0.17438007953260204,0.005586418930001214,-0.005586418930001214,2015-07-30
0.5717437422389308,0.03265018661115704,0.0,2015-07-31
0.9610329127071053,0.01694557715043819,0.01694557715043819,2015-08-03
0.6030093693894181,0.04273447632509189,0.04273447632509189,2015-08-04
0.8440513017639902,0.030595619131660815,0.030595619131660815,2015-08-05
0.4059585527806504,0.00823914199548669,0.0,2015-08-06
0.7981418580801548,0.014358763594013042,0.014358763594013042,2015-08-07
0.7763895565813672,0.00900165747584406,0.00900165747584406,2015-08-10
0.9762992447059438,0.014527267509710654,0.014527267509710654,2015-08-11
0.2566004927168062,0.03163265040253773,-0.03163265040253773,2015-08-12
0.5411847075956061,0.011227881102287835,0.0,2015-08-13
0.15318136886308453,0.010822628810775572,-0.010822628810775572,2015-08-14
0.41294437178064414,0.0025448462191716564,0.0,2015-08-17
0.35587987867341453,0.025024734333055916,-0.025024734333055916,2015-08-18
0.18754041367077834,0.0017459622238782419,-0.0017459622238782419,2015-08-19
0.28897600852538785,0.040138632544427455,-0.040138632544427455,2015-08-20
0.5174970654314135,0.009518697632478618,0.0,2015-08-21
0.8716846732587666,0.01006740914388882,0.01006740914388882,2015-08-24
0.5045609571903272,0.0016231226665306647,0.0,2015-08-25
0.49754951481332066,0.011930827723741922,0.0,2015-08-26
0.6914351840403624,0.0218272278612312,0.0218272278612312,2015-08-27
0.6837111354302697,0.023350411712358566,0.023350411712358566,2015-08-28
0.46259384601670417,0.01573158014601199,0.0,2015-08-31
0.17159033304621985,0.004411926875464577,-0.004411926875464577,2015-09-01
0.7358877147555042,0.002456312996699632,0.002456312996699632,2015-09-02
0.9009097733054928,0.037151426437811164,0.037151426437811164,2015-09-03
0.5634563519477066,0.014283355107101913,0.0,2015-09-04
0.9028776865849113,0.01167461711557931,0.01167461711557931,2015-09-07
0.49227246009025905,0.03028312185823042,0.0,2015-09-08
0.31616700753136906,0.01922664755813459,-0.01922664755813459,2015-09-09
0.5688877787030266,0.010627877611365227,0.0,2015-09-10
0.5440270897036009,0.0028907931570396773,0.0,2015-09-11
0.10373962162596861,0.01440037519242402,-0.01440037519242402,2015-09-14
0.5071710466505477,0.024066209846485026,0.0,2015-09-15
0.7279861960221474,0.01798503237272021,0.01798503237272021,2015-09-16
0.6369916421762563,0.0048895534741766914,0.0048895534741766914,2015-09-17
0.1472949771704497,0.011983154232735056,-0.011983154232735056,2015-09-18
0.15894419875027832,0.01822570059237771,-0.01822570059237771,2015-09-24
0.16798773678304402,0.007570023149479237,-0.007570023149479237,2015-09-25
0.39452533212649177,0.033260413925506126,-0.033260413925506126,2015-09-28
0.8520764799264006,0.0005947447698400364,0.0005947447698400364,2015-09-29
0.8256659968219823,0.023935359291367055,0.023935359291367055,2015-09-30
0.9802540576669728,0.027459211037629938,0.027459211037629938,2015-10-01
0.9318435410453966,0.010717157361569486,0.010717157361569486,2015-10-02
0.8919450935707862,0.02857366918430546,0.02857366918430546,2015-10-05
0.8153246635435523,0.009818393037817907,0.009818393037817907,2015-10-06
0.3350938948126866,0.008326856862053554,-0.008326856862053554,2015-10-07
0.6932687713173948,0.014646495929241735,0.014646495929241735,2015-10-08
0.7085865591073853,0.002808195282533704,0.002808195282533704,2015-10-09
0.6879991092769203,0.02305789343208336,0.02305789343208336,2015-10-13
0.8199871036685303,0.004084549034246874,0.004084549034246874,2015-10-14
0.7642202873886407,0.003382617084946918,0.003382617084946918,2015-10-15
0.4796451235825061,0.007410478395188631,0.0,2015-10-16
0.34089037893781826,0.001968161790633655,-0.001968161790633655,2015-10-19
0.7904537636132414,0.017423986679569483,0.017423986679569483,2015-10-20
0.31469477798441936,0.02815005975528001,-0.02815005975528001,2015-10-21
0.9019558634580574,0.008754101413331274,0.008754101413331274,2015-10-22
0.8667156835321568,0.01850928314408984,0.01850928314408984,2015-10-23
0.0654386873327425,0.03198289184534099,-0.03198289184534099,2015-10-26
0.9391800804453516,0.021614095855726677,0.021614095855726677,2015-10-27
0.07365251790869576,0.011123169806819174,-0.011123169806819174,2015-10-28
0.3093216047809798,0.0008132990155690557,-0.0008132990155690557,2015-10-29
0.375308687961846,0.011685076614221286,-0.011685076614221286,2015-10-30
0.6665625532934983,7.378071230093521e-05,7.378071230093521e-05,2015-11-02
0.6198057913851762,0.0026826169349018813,0.0026826169349018813,2015-11-04
0.8620282764950339,0.021960686842925074,0.021960686842925074,2015-11-05
0.38285175119295856,0.009614592503418489,-0.009614592503418489,2015-11-06
0.6501722247982403,0.0020864938836733615,0.0020864938836733615,2015-11-09
0.931618091594354,0.008827085070047947,0.008827085070047947,2015-11-10
0.6559292428860023,0.0013985623256938327,0.0013985623256938327,2015-11-11
0.8653114915483214,0.02771780554768766,0.02771780554768766,2015-11-12
0.7240646043436879,0.017117797570348505,0.017117797570348505,2015-11-13
0.5946679716056944,0.026899839384521736,0.0,2015-11-16
0.74764952576376,0.03307547598935045,0.03307547598935045,2015-11-17
0.2363647201565836,0.009860704291133974,-0.009860704291133974,2015-11-18
0.6019491745290755,0.011617213141237325,0.011617213141237325,2015-11-19
0.7849382869616426,0.01198206249171105,0.01198206249171105,2015-11-20
0.6074269221766205,0.01757904901908048,0.01757904901908048,2015-11-24
0.33819802586447056,0.003222546890115038,-0.003222546890115038,2015-11-25
0.39504160349470696,0.01711520393179905,-0.01711520393179905,2015-11-26
0.0953100780466194,0.02774342576258558,-0.02774342576258558,2015-11-27
0.014301309546072227,0.006029963114271191,-0.006029963114271191,2015-11-30
0.9176391323924443,0.01193932040489811,0.01193932040489811,2015-12-01
0.4388546426473524,0.016140823912691938,0.0,2015-12-02
0.739307493414388,0.007780262145432196,0.007780262145432196,2015-12-03
0.09417666881633513,0.0046013524775464784,-0.0046013524775464784,2015-12-04
0.6195594551404625,0.009311106888709767,0.009311106888709767,2015-12-07
0.8915214313262092,0.03194180974972863,0.03194180974972863,2015-12-08
0.5582358940755187,0.013079405917475863,0.0,2015-12-09
0.4528070851852547,0.018085110870528786,0.0,2015-12-10
0.9660616062949634,0.007697177110235203,0.007697177110235203,2015-12-11
0.44953141005112274,0.0024632395246400587,0.0,2015-12-14
0.22903179359083203,0.013506135679757166,-0.013506135679757166,2015-12-15
0.5913569926397969,0.009771220985609294,0.0,2015-12-16
0.6709055176858079,0.004041817670060389,0.004041817670060389,2015-12-17
0.026759387390057898,0.02115804759034285,-0.02115804759034285,2015-12-18
0.16345787293574487,0.0033087233173794044,-0.0033087233173794044,2015-12-21
0.34887945713539414,0.025104753761253738,-0.025104753761253738,2015-12-22
0.4127077495822814,0.008477408627441257,0.0,2015-12-24
0.7790242352756608,0.0032871356504679387,0.0032871356504679387,2015-12-25
0.1548386529962238,0.026984956249437107,-0.026984956249437107,2015-12-28
0.3641774083105923,0.003950664818722836,-0.003950664818722836,2015-12-29
0.5009751691653067,0.016276525075583356,0.0,2015-12-30
0.005801526237453225,0.028201764608336594,-0.028201764608336594,2016-01-05
0.21202281011387392,0.0035431307749377756,-0.0035431307749377756,2016-01-06
0.6572499324859841,0.04031260120489593,0.04031260120489593,2016-01-07
0.7458884923547426,0.0043407060938407864,0.0043407060938407864,2016-01-08
0.19927768490951014,0.007824417377254027,-0.007824417377254027,2016-01-12
0.8992862129601996,0.0053276112160158895,0.0053276112160158895,2016-01-13
0.4002831947733818,0.018525702078574846,0.0,2016-01-14
0.16013071279782487,0.017834636674676427,-0.017834636674676427,2016-01-15
0.1614258260014707,0.01773127882844073,-0.01773127882844073,2016-01-18
0.507032386019132,0.02103719848825708,0.0,2016-01-19
0.020822881686869743,0.01866783382101892,-0.01866783382101892,2016-01-20
0.9499063449694218,0.0030694826269638525,0.0030694826269638525,2016-01-21
0.6859816996088886,0.006981142435093268,0.006981142435093268,2016-01-22
0.28190190368163015,0.029714556034490993,-0.029714556034490993,2016-01-25
0.7504897711436436,0.0005770050585634821,0.0005770050585634821,2016-01-26
0.9289351125180872,0.018369832086838893,0.018369832086838893,2016-01-27
0.4201110718160094,0.026097818454480008,0.0,2016-01-28
0.6124639947689651,0.002258504995018314,0.002258504995018314,2016-01-29
0.6223380114887674,0.003673305811417149,0.003673305811417149,2016-02-01
0.3081083326417343,0.027733050364257984,-0.027733050364257984,2016-02-02
0.9440764166937851,0.00818981377695679,0.00818981377695679,2016-02-03
0.7221094620925808,0.004889215590561059,0.004889215590561059,2016-02-04
0.1903973956296099,0.011473286591471609,-0.011473286591471609,2016-02-05
0.7096835839114853,0.0013362425266662994,0.0013362425266662994,2016-02-08
0.10386923875544563,0.043067446096285,-0.043067446096285,2016-02-09
0.9551258104445763,0.004206779253537742,0.004206779253537742,2016-02-10
0.35258272302372673,0.012805811790317551,-0.012805811790317551,2016-02-12
0.36002281114066315,0.037105327804462865,-0.037105327804462865,2016-02-15
0.6324403191977607,0.008252508887847638,0.008252508887847638,2016-02-16
0.5435843705247542,0.007291612814593635,0.0,2016-02-17
0.3837560284653079,0.018492282232062906,-0.018492282232062906,2016-02-18
0.43695565184073215,0.001252898233635744,0.0,2016-02-19
0.6161762902170693,0.010298404188809925,0.010298404188809925,2016-02-22
0.6607532496056129,0.04332099657230411,0.04332099657230411,2016-02-23
0.49262928730404676,0.007323660713512669,0.0,2016-02-24
0.7986195365693081,0.011131659324337862,0.011131659324337862,2016-02-25
0.6845155785152699,0.012470289225170836,0.012470289225170836,2016-02-26
0.39223055409486407,0.007139551567309566,-0.007139551567309566,2016-02-29
0.8212953651275059,0.0030327993616823174,0.0030327993616823174,2016-03-01
0.7591136787451354,0.01171431277150083,0.01171431277150083,2016-03-02
0.613583922068716,0.007815058332150465,0.007815058332150465,2016-03-03
0.5744245115828279,0.017783838738141922,0.0,2016-03-04
0.26442035533635344,0.028263387842574372,-0.028263387842574372,2016-03-07
0.7806994685699045,0.019260835871829116,0.019260835871829116,2016-03-08
0.2591074274695899,0.03457278167464184,-0.03457278167464184,2016-03-09
0.1589364453689115,0.010096541105037866,-0.010096541105037866,2016-03-10
0.8414174456716667,0.011487107838241625,0.011487107838241625,2016-03-11
0.7361293000332757,0.023592264921003924,0.023592264921003924,2016-03-14
0.9328525744657976,0.0002454726418507755,0.0002454726418507755,2016-03-15
0.22015759632252174,0.02184022596188388,-0.02184022596188388,2016-03-16
0.08348020700366121,0.005140627846274364,-0.005140627846274364,2016-03-17
0.0620572053074846,0.010358117786771684,-0.010358117786771684,2016-03-18
0.41937445318163535,0.006680949351903497,0.0,2016-03-22
0.7364423500963041,0.03170601263011063,0.03170601263011063,2016-03-23
0.7868337691974113,0.015822418293953446,0.015822418293953446,2016-03-24
0.9064659379975204,0.008501015954738482,0.008501015954738482,2016-03-25
0.6815957865193871,0.00749801327955606,0.00749801327955606,2016-03-28
0.8263210249000655,0.005693481887628971,0.005693481887628971,2016-03-29
0.3847453292871642,0.010168125377322893,-0.010168125377322893,2016-03-30
0.2845520146385765,0.015613141649700773,-0.015613141649700773,2016-03-31
0.7655404158185909,0.009206832627307248,0.009206832627307248,2016-04-01
0.7979917038711275,0.014146754884279219,0.014146754884279219,2016-04-04
0.7826706437079097,0.023652611403392552,0.023652611403392552,2016-04-05
0.559593495546254,0.005687207493870321,0.0,2016-04-06
0.2941567498895664,0.0035919001673688092,-0.0035919001673688092,2016-04-07
0.3789596380795348,0.020337254809951463,-0.020337254809951463,2016-04-08
0.5061195552468308,0.013722120467313187,0.0,2016-04-11
0.6931139313895727,0.016458231876827035,0.016458231876827035,2016-04-12
0.9023396313665007,0.004795843747679435,0.004795843747679435,2016-04-13
0.2333563631211325,0.0048005956781273324,-0.0048005956781273324,2016-04-14
0.987510130932694,0.028857078647636,0.028857078647636,2016-04-15
0.5368737460930345,0.03275989876002838,0.0,2016-04-18
0.21036071987654836,0.006952983956157695,-0.006952983956157695,2016-04-19
0.4042124510323717,0.017010938219905812,0.0,2016-04-20
0.22372174753757035,0.012013871738266358,-0.012013871738266358,2016-04-21
0.49503724717045994,0.009161738328960625,0.0,2016-04-22
0.20497839402284446,0.0032571372055609366,-0.0032571372055609366,2016-04-25
0.5359409045843324,0.017251521444586766,0.0,2016-04-26
0.011707730429780683,0.009696144293895507,-0.009696144293895507,2016-04-27
0.36036772347361623,0.013818798590163972,-0.013818798590163972,2016-04-28
0.499690820536165,0.0013202177604350943,0.0,2016-05-02
0.15184189000678272,0.01672454268086808,-0.01672454268086808,2016-05-06
0.8292419878549752,0.01567909822516254,0.01567909822516254,2016-05-09
0.3876203530753074,6.009875987204663e-05,-6.009875987204663e-05,2016-05-10
0.9684261872722402,0.007055807170950435,0.007055807170950435,2016-05-11
0.6078306778118373,0.01786475929365813,0.01786475929365813,2016-05-12
0.8490284422854121,0.010964530928474553,0.010964530928474553,2016-05-13
0.981527624640628,0.024771147562300217,0.024771147562300217,2016-05-16
0.8868570717926312,0.015164425299438407,0.015164425299438407,2016-05-17
0.33527435941938866,0.01061567688415372,-0.01061567688415372,2016-05-18
0.04622451349903234,0.007052775573722655,-0.007052775573722655,2016-05-19
0.6767515854514968,0.0038089000709854025,0.0038089000709854025,2016-05-20
0.5233641740024443,0.0026780352857467046,0.0,2016-05-23
0.5355478623027073,0.008104904705790368,0.0,2016-05-24
0.3243281654520186,0.015369062251624445,-0.015369062251624445,2016-05-25
0.01828726091677524,0.014544727710912067,-0.014544727710912067,2016-05-26
0.35418762209699794,0.009086944146075604,-0.009086944146075604,2016-05-27
0.6064044641038332,0.016505148325252864,0.016505148325252864,2016-05-30
0.6128420711018518,0.0012324567771089421,0.0012324567771089421,2016-05-31
0.49599300336261376,0.014396095733232538,0.0,2016-06-01
0.36688487155046745,0.026562340152570713,-0.026562340152570713,2016-06-02
0.352091476812615,0.027827565999889607,-0.027827565999889607,2016-06-03
0.7540252832287391,0.008076327085684579,0.008076327085684579,2016-06-06
0.7703317637455999,0.001417508183754962,0.001417508183754962,2016-06-07
0.12122477426334377,0.004422218192854331,-0.004422218192854331,2016-06-08
0.016469165649114492,0.018446971836254367,-0.018446971836254367,2016-06-09
0.9651361425239168,0.005990822965568589,0.005990822965568589,2016-06-10
0.5413821954531802,0.008073767662288891,0.0,2016-06-13
0.08167392197373191,0.027113114330327644,-0.027113114330327644,2016-06-14
0.2520735419697626,0.025832895709487325,-0.025832895709487325,2016-06-15
0.8801016012531814,0.0004336323676530135,0.0004336323676530135,2016-06-16
0.9643099824302871,0.01214212105381712,0.01214212105381712,2016-06-17
0.6098555927689642,0.00041644914570196503,0.00041644914570196503,2016-06-20
0.16808539344783946,0.00848207692294459,-0.00848207692294459,2016-06-21
0.27889514994913256,0.027198347230681354,-0.027198347230681354,2016-06-22
0.8037877538814319,0.015351478111587116,0.015351478111587116,2016-06-23
0.35368880687581183,0.008204732708905127,-0.008204732708905127,2016-06-24
0.030930003714282117,0.012048236640927405,-0.012048236640927405,2016-06-27
0.6392817996267619,0.00719698868962717,0.00719698868962717,2016-06-28
0.42983465635674334,0.018321873739904636,0.0,2016-06-29
0.17094099248961225,0.04301810740547857,-0.04301810740547857,2016-06-30
0.371782493048496,0.02945510658290901,-0.02945510658290901,2016-07-01
0.8560786425864355,0.004406646000737514,0.004406646000737514,2016-07-04
0.06637797918811772,0.011991445207906848,-0.011991445207906848,2016-07-05
0.9550827071548479,0.009978291715269845,0.009978291715269845,2016-07-06
0.8925702845607386,0.01615714363339862,0.01615714363339862,2016-07-07
0.9532422318645083,0.001612698921731732,0.001612698921731732,2016-07-08
0.4608162246189247,0.0005904121089795182,0.0,2016-07-11
0.11996959988488576,0.0305369769080006,-0.0305369769080006,2016-07-12
0.8583268036548445,0.005538588196373983,0.005538588196373983,2016-07-13
0.29502489542893373,0.011588566400011989,-0.011588566400011989,2016-07-14
0.808483482513686,0.01465106633269014,0.01465106633269014,2016-07-15
0.8585961336498188,0.018517269948072918,0.018517269948072918,2016-07-19
0.9945245675355421,0.03106259258942292,0.03106259258942292,2016-07-20
0.388267275713191,0.012204905672564811,-0.012204905672564811,2016-07-21
0.07197846396813812,0.004186963506844729,-0.004186963506844729,2016-07-22
0.7280319167341699,0.010215554961021722,0.010215554961021722,2016-07-25
0.439135357265263,0.011616959353322945,0.0,2016-07-26
0.06424700866396715,0.008718529499470233,-0.008718529499470233,2016-07-27
0.67049621444336,0.00766093808939905,0.00766093808939905,2016-07-28
0.8779842861481645,0.01627303220677098,0.01627303220677098,2016-07-29
0.3671535983636224,0.00797233238445471,-0.00797233238445471,2016-08-01
0.6491295619620406,0.03601398993272273,0.03601398993272273,2016-08-02
0.7295529419289136,0.010606065339219458,0.010606065339219458,2016-08-03
0.42608172731617133,0.0022260745208171804,0.0,2016-08-04
0.8589957898533346,0.001869902056934157,0.001869902056934157,2016-08-05
0.0027526300866212994,0.016273446977137725,-0.016273446977137725,2016-08-08
0.7188308299643021,0.004676528251298518,0.004676528251298518,2016-08-09
0.29518553086192867,0.001157415302485984,-0.001157415302485984,2016-08-10
0.1327665265774587,0.028410175826013014,-0.028410175826013014,2016-08-12
0.5959427840111319,0.015983030435527526,0.0,2016-08-15
0.5071296428920945,0.013093509978643293,0.0,2016-08-16
0.4290643418884217,0.00940919101405786,0.0,2016-08-17
0.6427007502127767,0.00024174190508181138,0.00024174190508181138,2016-08-18
0.37072289587294416,0.013986577654737415,-0.013986577654737415,2016-08-19
0.540931482872497,0.008729175232222094,0.0,2016-08-22
0.45203635566637845,0.0009935146905586262,0.0,2016-08-23
0.7081298129092278,0.007713861520854121,0.007713861520854121,2016-08-24
0.7133267788773183,0.017629334939954628,0.017629334939954628,2016-08-25
0.28571125972638167,0.013588725265124509,-0.013588725265124509,2016-08-26
0.25048738996650277,0.03502381192087557,-0.03502381192087557,2016-08-29
0.3497776194580853,0.01543530642659805,-0.01543530642659805,2016-08-30
0.47189201297515204,0.04653465691208422,0.0,2016-08-31
0.31340225401525423,0.0045212197896485826,-0.0045212197896485826,2016-09-01
0.06936483632746282,0.003474331172442466,-0.003474331172442466,2016-09-02
0.9556765644108677,0.02604631829649408,0.02604631829649408,2016-09-05
0.3286047628908908,0.02360210754843903,-0.02360210754843903,2016-09-06
0.05303437106819253,0.008349270482739467,-0.008349270482739467,2016-09-07
0.5899712893527627,0.0007841731945561264,0.0,2016-09-08
0.882995226933832,0.010987740502181034,0.010987740502181034,2016-09-09
0.0507693516001394,0.011178429308097175,-0.011178429308097175,2016-09-12
0.4955502308369305,0.02097819329035473,0.0,2016-09-13
0.9247897322088706,0.0009226149427856269,0.0009226149427856269,2016-09-14
0.01271377791933459,0.0015327981094152537,-0.0015327981094152537,2016-09-15
0.3956208301575248,0.008360977386221265,-0.008360977386221265,2016-09-16
0.625997909762518,0.03688369218983551,0.03688369218983551,2016-09-20
0.7285787335570153,0.026515754955737048,0.026515754955737048,2016-09-21
0.40174999433968417,0.007191696148792589,0.0,2016-09-23
0.6133884327222524,0.025088552413570647,0.025088552413570647,2016-09-26
0.20603530766956957,0.006370307026652865,-0.006370307026652865,2016-09-27
0.6510564341605167,0.03469458766555223,0.03469458766555223,2016-09-28
0.9044920053191945,0.0005292710661647163,0.0005292710661647163,2016-09-29
0.40674563123390983,0.018175100813860447,0.0,2016-09-30
0.3310012248844405,0.04183641727491131,-0.04183641727491131,2016-10-03
0.962906793864453,0.018786133971070533,0.018786133971070533,2016-10-04
0.9406948470602925,0.0030373910200107907,0.0030373910200107907,2016-10-05
0.4276814828199339,0.009419046079577076,0.0,2016-10-06
0.8097987566738613,0.02309982342117491,0.02309982342117491,2016-10-07
0.7982946851397228,0.008544703946357486,0.008544703946357486,2016-10-11
0.8330929021331123,0.023877846246357855,0.023877846246357855,2016-10-12
0.6675991901045001,0.0276986422572517,0.0276986422572517,2016-10-13
0.3306850102298955,0.04329515388528777,-0.04329515388528777,2016-10-14
0.09502665482804751,0.016792748687038575,-0.016792748687038575,2016-10-17
0.10610374802360178,0.029040779058198515,-0.029040779058198515,2016-10-18
0.03212991867259252,0.01633957777646184,-0.01633957777646184,2016-10-19
0.748426491260652,0.034683874103631655,0.034683874103631655,2016-10-20
0.27495061534916077,0.02199786837334396,-0.02199786837334396,2016-10-21
0.834162370463631,0.016214155199055807,0.016214155199055807,2016-10-24
0.1797251888410869,0.016177553945591356,-0.016177553945591356,2016-10-25
0.36327803576820594,0.022896322949478524,-0.022896322949478524,2016-10-26
0.10559137963885368,0.02770721196730262,-0.02770721196730262,2016-10-27
0.548195218940888,0.009049635693429432,0.0,2016-10-28
0.2214734045293565,9.621173161639556e-06,-9.621173161639556e-06,2016-10-31
0.10519096173839071,0.0016769622331781692,-0.0016769622331781692,2016-11-01
0.23552851680583298,0.02001927907596102,-0.02001927907596102,2016-11-02
0.021348546116020217,0.03497225336215121,-0.03497225336215121,2016-11-04
0.6690346903073361,0.014454781726978384,0.014454781726978384,2016-11-07
0.1300453287954506,0.03042153798006289,-0.03042153798006289,2016-11-08
0.5347633459091224,0.0057998007947472115,0.0,2016-11-09
0.4775441102930067,0.033699074574504675,0.0,2016-11-10
0.8224612096810164,0.023559896943354527,0.023559896943354527,2016-11-11
0.07314101796604022,0.013278790867054416,-0.013278790867054416,2016-11-14
0.7443381682319455,0.007636875236432667,0.007636875236432667,2016-11-15
0.7563794690446715,0.006401163185933944,0.006401163185933944,2016-11-16
0.4199268814514445,0.008687386759772053,0.0,2016-11-17
0.09707612005246458,0.013366102369618498,-0.013366102369618498,2016-11-18
0.10219743502901779,0.015877599625776874,-0.015877599625776874,2016-11-21
0.969580219770526,0.007793133860637428,0.007793133860637428,2016-11-22
0.15779688538727277,0.010705963113341694,-0.010705963113341694,2016-11-24
0.7365586673307956,0.008407858385990504,0.008407858385990504,2016-11-25
0.6390687236716386,0.008466567305989823,0.008466567305989823,2016-11-28
0.16682463549131854,0.012414089786257037,-0.012414089786257037,2016-11-29
0.29055194245900584,0.024977296759930233,-0.024977296759930233,2016-11-30
0.5363500559648895,0.008838133655724292,0.0,2016-12-01
0.350634265482199,0.0233199431079532,-0.0233199431079532,2016-12-02
0.009163353260252083,0.021472073253567814,-0.021472073253567814,2016-12-05
0.2755325731182886,0.018904310764236078,-0.018904310764236078,2016-12-06
0.12131136458142466,0.0020119895973006274,-0.0020119895973006274,2016-12-07
0.9537568789360552,0.042583275476272754,0.042583275476272754,2016-12-08
0.4777671387802671,0.012050663686655262,0.0,2016-12-09
0.4640217722012774,0.030493209565223,0.0,2016-12-12
0.30866379718629167,0.014160141403102795,-0.014160141403102795,2016-12-13
0.5792449142964918,0.007773686560699375,0.0,2016-12-14
0.991297838381709,0.027760753355383746,0.027760753355383746,2016-12-15
0.07895843269757619,0.028681906400018373,-0.028681906400018373,2016-12-16
0.6777137237662244,0.0011870188226460383,0.0011870188226460383,2016-12-19
0.6413860372758733,0.0017809659221878881,0.0017809659221878881,2016-12-20
0.2677452573619279,0.005269826206146761,-0.005269826206146761,2016-12-21
0.6689069697905042,0.02234998999414199,0.02234998999414199,2016-12-22
0.1968357182691629,0.0101442032345615,-0.0101442032345615,2016-12-26
0.29337205631994556,0.012362295797521976,-0.012362295797521976,2016-12-27
0.7616967198263698,0.0009436861481615901,0.0009436861481615901,2016-12-28
0.2875245301936121,0.025422575286982135,-0.025422575286982135,2016-12-29
0.47087052381617367,0.02078258444278655,0.0,2016-12-30
0.32974263482247823,0.0002350493241410267,-0.0002350493241410267,2017-01-04
0.1988780635702121,0.011462129847110767,-0.011462129847110767,2017-01-05
0.009403130617938738,0.00770314703524924,-0.00770314703524924,2017-01-06
0.709392851605688,0.0010487937974435137,0.0010487937974435137,2017-01-10
0.21246241065620675,0.028093711910443707,-0.028093711910443707,2017-01-11
0.4742249780534934,0.013479250417498761,0.0,2017-01-12
0.767509764937104,0.03543767161804213,0.03543767161804213,2017-01-13
0.28183903185046455,0.022464796097257617,-0.022464796097257617,2017-01-16
0.5218430666770923,0.0034111317721456404,0.0,2017-01-17
0.3388927504759909,0.0027710195287314527,-0.0027710195287314527,2017-01-18
0.24565593400642383,0.011006623903948427,-0.011006623903948427,2017-01-19
0.4857888326704247,0.008152351789899656,0.0,2017-01-20
0.8474856871894243,0.007172488451782415,0.007172488451782415,2017-01-23
0.37419714219407296,0.0029213879055453953,-0.0029213879055453953,2017-01-24
0.96429874414338,0.004675236332001798,0.004675236332001798,2017-01-25
0.3273695666814068,0.024810495092951843,-0.024810495092951843,2017-01-26
0.6976067647240182,0.021364048800660645,0.021364048800660645,2017-01-27
0.09567717837603074,0.011441936516285755,-0.011441936516285755,2017-01-30
0.5043031122862686,0.006227632397327863,0.0,2017-01-31
0.3050124377824024,0.005235679519304809,-0.005235679519304809,2017-02-01
0.560621442779168,0.014190847092579098,0.0,2017-02-02
0.3772559925637178,0.01244387021891353,-0.01244387021891353,2017-02-03
0.663168654551517,0.03955515954151055,0.03955515954151055,2017-02-06
0.09146234305207157,0.02314434993195786,-0.02314434993195786,2017-02-07
0.46240734783553095,0.023413397853446098,0.0,2017-02-08
0.5281750648698134,0.0093934797880551,0.0,2017-02-09
0.3418200358044031,0.016623275605776724,-0.016623275605776724,2017-02-10
0.6875116755876673,0.005838925068980716,0.005838925068980716,2017-02-13
0.4938350764298718,0.00950795013036229,0.0,2017-02-14
0.34285102995185235,0.02293445745816015,-0.02293445745816015,2017-02-15
0.017761713474977348,0.03279011531488736,-0.03279011531488736,2017-02-16
0.10170112778085849,0.006301754632762304,-0.006301754632762304,2017-02-17
0.8322480968397904,0.026077315248366827,0.026077315248366827,2017-02-20
0.7494773729287084,0.0036807446473157007,0.0036807446473157007,2017-02-21
0.8867553603585637,0.008955669605286752,0.008955669605286752,2017-02-22
0.5264638495564516,0.0012557479133967228,0.0,2017-02-23
0.5174505404961495,2.0831395537190817e-05,0.0,2017-02-24
0.24978583689626632,0.035994162799377095,-0.035994162799377095,2017-02-27
0.5442826094782511,0.004588273584867331,0.0,2017-02-28
0.11756751790549824,0.018495393633930622,-0.018495393633930622,2017-03-01
0.724302748802442,0.006039085382707152,0.006039085382707152,2017-03-02
0.3109695058061298,0.013885090885340812,-0.013885090885340812,2017-03-03
0.8193691168822639,0.01972924358328827,0.01972924358328827,2017-03-06
0.5754813137352527,0.0057401432539552185,0.0,2017-03-07
0.062497245462517004,0.00462772135854262,-0.00462772135854262,2017-03-08
0.08955307897661902,0.008064160312214642,-0.008064160312214642,2017-03-09
0.17817497072800337,0.012330253724825815,-0.012330253724825815,2017-03-10
0.6577566733558434,0.023115570416310963,0.023115570416310963,2017-03-13
0.8670844958510197,0.013542119208700208,0.013542119208700208,2017-03-14
0.6770516207207635,0.004004518548326437,0.004004518548326437,2017-03-15
0.9604106782317092,0.009300987600955157,0.009300987600955157,2017-03-16
0.3467872642053158,0.019441317050454657,-0.019441317050454657,2017-03-17
0.5372641721043778,0.014260199142762905,0.0,2017-03-21
0.8851033428876862,0.0006123215075718615,0.0006123215075718615,2017-03-22
0.3494582643436491,0.0006382868299730825,-0.0006382868299730825,2017-03-23
0.8286656707473576,0.006073982375456701,0.006073982375456701,2017-03-24
0.5704211821425443,0.0001789147462002028,0.0,2017-03-27
0.518520881848577,0.019041945751940154,0.0,2017-03-28
0.5517648382575873,0.011163661752080804,0.0,2017-03-29
0.710247984231891,0.014454325560381072,0.014454325560381072,2017-03-30
0.29705516997932935,0.013385410427027086,-0.013385410427027086,2017-03-31
0.806773818271452,0.010185146499506283,0.010185146499506283,2017-04-03
0.5976434334703822,0.0008897695896584849,0.0,2017-04-04
0.18118311814334953,0.012683668685610322,-0.012683668685610322,2017-04-05
0.12797171732998391,0.018492836489255947,-0.018492836489255947,2017-04-06
0.32308208148031003,0.014690609719773757,-0.014690609719773757,2017-04-07
0.17182259752206808,0.022904095806670795,-0.022904095806670795,2017-04-10
0.8582553745413783,0.036918334141479756,0.036918334141479756,2017-04-11
0.6907950444058252,0.027703173480806257,0.027703173480806257,2017-04-12
0.583421001708863,0.017087199302492112,0.0,2017-04-13
0.20004517996828342,0.008279073759641358,-0.008279073759641358,2017-04-14
0.02650802546152453,0.01357860380821731,-0.01357860380821731,2017-04-17
0.9822515804979741,0.015725593009469796,0.015725593009469796,2017-04-18
0.48223340323627695,0.008396386107409368,0.0,2017-04-19
0.047460059721219916,0.029465809095080956,-0.029465809095080956,2017-04-20
0.6334373752263451,0.013701689762402495,0.013701689762402495,2017-04-21
0.14474370427176275,0.02465412292593123,-0.02465412292593123,2017-04-24
0.3352363687041774,0.01558026953218332,-0.01558026953218332,2017-04-25
0.9077875143228414,0.030315298811020495,0.030315298811020495,2017-04-26
0.7851178165072923,0.012490652780529788,0.012490652780529788,2017-04-27
0.3593690886648656,0.015141276728574906,-0.015141276728574906,2017-04-28
0.5855230116189776,0.0017864805093004983,0.0,2017-05-01
0.44789237392714343,0.00234443498147953,0.0,2017-05-02
0.3482571367539573,0.00961607641169006,-0.00961607641169006,2017-05-08
0.7768921430863805,0.01858275051787027,0.01858275051787027,2017-05-09
0.8189352886559368,0.01987372970678961,0.01987372970678961,2017-05-10
0.6077438478012253,0.00048034346236727505,0.00048034346236727505,2017-05-11
0.590162817044907,0.032535374603483096,0.0,2017-05-12
0.7381705159553847,0.003814902708658755,0.003814902708658755,2017-05-15
0.8960704270326945,0.0026976131658697977,0.0026976131658697977,2017-05-16
0.013111267970740692,0.031014118905794707,-0.031014118905794707,2017-05-17
0.9761879123748145,0.02178371223687767,0.02178371223687767,2017-05-18
0.13426544829031595,0.012237213917330176,-0.012237213917330176,2017-05-19
0.23693125731673081,8.601827760249702e-05,-8.601827760249702e-05,2017-05-22
0.7855392723602135,0.002505953813356522,0.002505953813356522,2017-05-23
0.1915441341675378,0.007442145845619288,-0.007442145845619288,2017-05-24
0.14720766012016595,0.00666690777720742,-0.00666690777720742,2017-05-25
0.6866630947070973,0.037479207750963625,0.037479207750963625,2017-05-26
0.5007580229098237,0.006047293670304353,0.0,2017-05-29
0.7216335272980143,0.005236631606077303,0.005236631606077303,2017-05-30
0.14575028885729824,0.01084218741146642,-0.01084218741146642,2017-05-31
0.3376885037411207,0.0008463875691046066,-0.0008463875691046066,2017-06-01
0.5515364722957418,0.02968369667120594,0.0,2017-06-02
0.6270318637106552,0.01568460830795754,0.01568460830795754,2017-06-05
0.1894672769475888,0.0016523951592864892,-0.0016523951592864892,2017-06-06
0.10513081636694199,0.0007272763506263536,-0.0007272763506263536,2017-06-07
0.46287391538664646,0.006341720713190368,0.0,2017-06-08
0.19410013347551214,0.03350556797031445,-0.03350556797031445,2017-06-09
0.5278131307439152,0.003957960940921627,0.0,2017-06-12
0.9799578126465388,0.011195091753494415,0.011195091753494415,2017-06-13
0.49289441362392195,0.02100557429770357,0.0,2017-06-14
0.12103185175259557,0.017097481507869623,-0.017097481507869623,2017-06-15
0.686530474998399,0.0467318972015721,0.0467318972015721,2017-06-16
0.955639062956588,0.003538527133876624,0.003538527133876624,2017-06-19
0.2619441599300366,0.00038851724499265844,-0.00038851724499265844,2017-06-20
0.1367068859371573,0.009787791156097531,-0.009787791156097531,2017-06-21
0.7402124104562937,0.029744728319374924,0.029744728319374924,2017-06-22
0.8123858555825835,0.0063046341953995775,0.0063046341953995775,2017-06-23
0.8057483813253481,0.02374049821819293,0.02374049821819293,2017-06-26
0.5057061257046099,0.002253707677155374,0.0,2017-06-27
0.28129613166508616,0.005945873173216974,-0.005945873173216974,2017-06-28
0.32030374312459686,0.030149944093966076,-0.030149944093966076,2017-06-29
0.9710484632727601,0.001125955402253307,0.001125955402253307,2017-06-30
0.9527944975276161,0.01879656598371565,0.01879656598371565,2017-07-03
0.3864161495369697,0.003348339972125538,-0.003348339972125538,2017-07-04
0.3114784456368894,0.03913993777691758,-0.03913993777691758,2017-07-05
0.7460037458601652,0.01958033617597467,0.01958033617597467,2017-07-06
0.1776115787770688,0.015871359832109168,-0.015871359832109168,2017-07-07
0.9504705117554091,0.021983312686984974,0.021983312686984974,2017-07-10
0.8729456383281357,0.004345441659678501,0.004345441659678501,2017-07-11
0.5801840507019749,0.02942796132527218,0.0,2017-07-12
0.14450089584412318,0.008461320078494275,-0.008461320078494275,2017-07-13
0.5348614540392086,0.013632874156587205,0.0,2017-07-14
0.7745476135190832,0.02105126306010927,0.02105126306010927,2017-07-18
0.5881288736577616,0.0156032764131287,0.0,2017-07-19
0.9230584212574543,0.02817400168611328,0.02817400168611328,2017-07-20
0.043973100526990216,0.0007428681519007617,-0.0007428681519007617,2017-07-21
0.28599309207337076,0.025835221415710714,-0.025835221415710714,2017-07-24
0.017949660775665843,0.007334696317933813,-0.007334696317933813,2017-07-25
0.01630935717999571,0.005708444686260805,-0.005708444686260805,2017-07-26
0.34061071089309625,0.012481034059752594,-0.012481034059752594,2017-07-27
0.08051863803782333,0.0416426779917423,-0.0416426779917423,2017-07-28
0.06492085255002011,0.02903711765041073,-0.02903711765041073,2017-07-31
0.01856665244939193,0.02122769468515635,-0.02122769468515635,2017-08-01
0.20393139088461665,0.029799371971948863,-0.029799371971948863,2017-08-02
0.06622173349229776,0.012376840953762666,-0.012376840953762666,2017-08-03
0.22344516759696997,0.010146869425699968,-0.010146869425699968,2017-08-04
0.17802122160399603,0.005505101794288769,-0.005505101794288769,2017-08-07
0.3402828644412508,0.024843368412101583,-0.024843368412101583,2017-08-08
0.4169700284443232,0.016263858905517004,0.0,2017-08-09
0.6421791620554511,0.01942563851753668,0.01942563851753668,2017-08-10
0.12431994700359028,0.001207694777230736,-0.001207694777230736,2017-08-14
0.042515801141725706,0.034860046839036145,-0.034860046839036145,2017-08-15
0.566076998943726,0.006097557940577753,0.0,2017-08-16
0.19796081030359014,0.013230669328940762,-0.013230669328940762,2017-08-17
0.7233330318288471,0.032355376886003706,0.032355376886003706,2017-08-18
0.822029575330513,0.01795416096818177,0.01795416096818177,2017-08-21
0.9830141364301032,0.017459014066438395,0.017459014066438395,2017-08-22
0.2070425128966662,0.003255999193050613,-0.003255999193050613,2017-08-23
0.2971844640955654,0.02328989005719669,-0.02328989005719669,2017-08-24
0.03521002551454577,0.018924176068507086,-0.018924176068507086,2017-08-25
0.7480166747020343,0.023803037049133304,0.023803037049133304,2017-08-28
0.5948664227197759,0.015766851708369504,0.0,2017-08-29
0.8011558040376897,0.007259502880752121,0.007259502880752121,2017-08-30
0.8213514832767088,0.0073935416193926596,0.0073935416193926596,2017-08-31
0.48667895081004053,0.007561424193625098,0.0,2017-09-01
0.04682074204101838,0.003348361055682094,-0.003348361055682094,2017-09-04
0.8572141949676528,0.019215239140437698,0.019215239140437698,2017-09-05
0.22650070661714283,0.0033626675944741823,-0.0033626675944741823,2017-09-06
0.35074136796567523,0.018689146460470676,-0.018689146460470676,2017-09-07
0.14016456276266032,0.012360245343950204,-0.012360245343950204,2017-09-08
0.8839818351629647,0.016284991382343787,0.016284991382343787,2017-09-11
0.010362653599283123,0.01604575103347517,-0.01604575103347517,2017-09-12
0.7910985054856725,0.019711174193362935,0.019711174193362935,2017-09-13
0.9827933530148524,0.008872784656384419,0.008872784656384419,2017-09-14
0.26726875812852546,0.0016836588441373585,-0.0016836588441373585,2017-09-15
0.9959924340538225,0.01273928060593452,0.01273928060593452,2017-09-19
0.6865018813362921,0.01851784387396871,0.01851784387396871,2017-09-20
0.24029346669279472,0.010542174837104776,-0.010542174837104776,2017-09-21
0.7727849387871684,0.029708569471867837,0.029708569471867837,2017-09-22
0.738729335310451,0.01433290236061313,0.01433290236061313,2017-09-25
0.09074962723862123,0.019719343991131046,-0.019719343991131046,2017-09-26
0.5577171677094723,0.016294426341119852,0.0,2017-09-27
0.23113777048876694,0.004922508117958139,-0.004922508117958139,2017-09-28
0.8067755755487981,0.01610700825013468,0.01610700825013468,2017-09-29
0.2029616294491674,0.011459806763815528,-0.011459806763815528,2017-10-02
0.6009532312682431,0.005116240437082643,0.005116240437082643,2017-10-03
0.1652305481230274,0.002100813776357441,-0.002100813776357441,2017-10-04
0.48619021549749875,0.04495613474793993,0.0,2017-10-05
0.6674841826274802,0.01018451337481957,0.01018451337481957,2017-10-06
0.3854426794884225,0.01284009731930933,-0.01284009731930933,2017-10-10
0.36527782911019446,0.011070917952921592,-0.011070917952921592,2017-10-11
0.9078775283930354,0.01367651157724781,0.01367651157724781,2017-10-12
0.07534867790639266,0.003255236215899548,-0.003255236215899548,2017-10-13
0.7205161991093797,0.0032917076742368027,0.0032917076742368027,2017-10-16
0.757286484139267,0.015140229385632125,0.015140229385632125,2017-10-17
0.8112397414831506,0.03839222402812229,0.03839222402812229,2017-10-18
0.2202812853416929,0.005602586328584955,-0.005602586328584955,2017-10-19
0.9264768415331738,0.012698631080333856,0.012698631080333856,2017-10-20
0.85556534350515,0.02001289034661697,0.02001289034661697,2017-10-23
0.24517914430140264,0.01752589520939577,-0.01752589520939577,2017-10-24
0.7352518896225607,0.019399661597659316,0.019399661597659316,2017-10-25
0.7939550421284907,0.023792650795296053,0.023792650795296053,2017-10-26
0.9527381179549912,0.019002798767866938,0.019002798767866938,2017-10-27
0.30240514658784656,0.027204853456232768,-0.027204853456232768,2017-10-30
0.043376139368160316,0.0025818542884152047,-0.0025818542884152047,2017-10-31
0.8002807438834751,0.02879178553244916,0.02879178553244916,2017-11-01
0.7559918228671664,0.021599693436755368,0.021599693436755368,2017-11-02
0.5938563600958788,0.00981997134118183,0.0,2017-11-06
0.45317651326096076,0.012045869547792555,0.0,2017-11-07
0.5960328004476365,0.003148133919530693,0.0,2017-11-08
0.5903152335093261,0.008755961793605875,0.0,2017-11-09
0.8894716099055026,0.02334298414319118,0.02334298414319118,2017-11-10
0.37239111709088,0.021021742434801163,-0.021021742434801163,2017-11-13
0.489692160267011,0.019172221776658126,0.0,2017-11-14
0.3380103704488965,0.0012552906607064956,-0.0012552906607064956,2017-11-15
0.48987880079839674,0.029311655074307757,0.0,2017-11-16
0.21121502926062308,0.0014182074356093941,-0.0014182074356093941,2017-11-17
0.6543086957874322,0.005827482831225355,0.005827482831225355,2017-11-20
0.9754586579585277,0.005911870443991641,0.005911870443991641,2017-11-21
0.6440493622995418,0.00045838156808088767,0.00045838156808088767,2017-11-22
0.3444832881488423,0.0032919994634350077,-0.0032919994634350077,2017-11-24
0.586487646304886,0.03635109203609374,0.0,2017-11-27
0.439244820657525,0.0017416162355408157,0.0,2017-11-28
0.889898339580624,0.024402964418257334,0.024402964418257334,2017-11-29
0.6666313400305571,0.002635745377243093,0.002635745377243093,2017-11-30
0.8019698707814283,0.023978715442787367,0.023978715442787367,2017-12-01
0.416939695190338,0.018886285671448507,0.0,2017-12-04
0.9074883380767921,0.00266227401712468,0.00266227401712468,2017-12-05
0.8513256817592836,0.021021440072672017,0.021021440072672017,2017-12-06
0.5765037834030083,0.04724971065006934,0.0,2017-12-07
0.10565673073648207,0.03732214187671115,-0.03732214187671115,2017-12-08
0.5336232304582841,0.0068080602446002145,0.0,2017-12-11
0.9577961470597031,0.021161136072867348,0.021161136072867348,2017-12-12
0.10494938177097379,0.008186400338308556,-0.008186400338308556,2017-12-13
0.04129703645931193,0.0010383586614618478,-0.0010383586614618478,2017-12-14
0.5555269684574661,0.027515995665496486,0.0,2017-12-15
0.6060922660939475,0.03703030865633469,0.03703030865633469,2017-12-18
0.559810987867423,0.011645218981108795,0.0,2017-12-19
0.7594885064536004,0.005519198319397279,0.005519198319397279,2017-12-20
0.7746527106649185,0.007552216062338026,0.007552216062338026,2017-12-21
0.7447477217490289,0.004877634511694119,0.004877634511694119,2017-12-22
0.6374944974095068,0.00920969926535256,0.00920969926535256,2017-12-25
0.7916124330460056,0.005002093351563875,0.005002093351563875,2017-12-26
0.6871263829736889,0.0044865697903539534,0.0044865697903539534,2017-12-27
0.6151168950138652,0.019941198835587495,0.019941198835587495,2017-12-28
0.6023064268118756,0.0315743930783789,0.0315743930783789,2017-12-29
0.36228718610982125,0.01263621986940304,-0.01263621986940304,2018-01-04
0.9405449903629253,0.0006209668567501107,0.0006209668567501107,2018-01-05
0.9062738135338918,0.00842752951721298,0.00842752951721298,2018-01-09
0.03843387956702593,0.024531542990128025,-0.024531542990128025,2018-01-10
0.9922313844216613,0.012195346248236956,0.012195346248236956,2018-01-11
0.06339196809020708,0.01592945393460097,-0.01592945393460097,2018-01-12
0.7113868728867315,0.010800665121652925,0.010800665121652925,2018-01-15
0.08343194124663245,0.02590442820404043,-0.02590442820404043,2018-01-16
0.10713152026261963,0.0061966569361068405,-0.0061966569361068405,2018-01-17
0.29780499327773446,0.006295825205784385,-0.006295825205784385,2018-01-18
0.6890082079101496,0.008431670828273001,0.008431670828273001,2018-01-19
0.300762448917659,0.003195170724127941,-0.003195170724127941,2018-01-22
0.0046469831240432136,0.004625446113496805,-0.004625446113496805,2018-01-23
0.7328292051637022,0.0161012905711238,0.0161012905711238,2018-01-24
0.2113703809189006,0.015949704805191773,-0.015949704805191773,2018-01-25
0.018874795956712265,0.026328397707143618,-0.026328397707143618,2018-01-26
0.09047576162555537,0.019655572681025368,-0.019655572681025368,2018-01-29
0.5399238100404534,0.0016671885747760672,0.0,2018-01-30
0.26480517546881344,0.02748908440856808,-0.02748908440856808,2018-01-31
0.3396487023460496,0.007691808449759989,-0.007691808449759989,2018-02-01
0.8281329351411747,0.014438113688321947,0.014438113688321947,2018-02-02
0.4300971164222752,0.00959856238280804,0.0,2018-02-05
0.3087591767249196,0.02272882889507355,-0.02272882889507355,2018-02-06
0.7697789747475502,0.004181529724180273,0.004181529724180273,2018-02-07
0.541477085948366,0.0010259356019335216,0.0,2018-02-08
0.9873560716777211,0.019096876947941637,0.019096876947941637,2018-02-09
0.32321561491108763,0.007204637816155334,-0.007204637816155334,2018-02-13
0.1246816726001797,0.0033095021049532984,-0.0033095021049532984,2018-02-14
0.49571537479528693,0.009928995694770553,0.0,2018-02-15
0.9751178719635005,0.009426717335696281,0.009426717335696281,2018-02-16
0.724270108129886,0.029861095503544724,0.029861095503544724,2018-02-19
0.3193364878832966,0.009941959777205165,-0.009941959777205165,2018-02-20
0.471842255690226,0.004357367969403339,0.0,2018-02-21
0.45106107960714525,0.008499762068139322,0.0,2018-02-22
0.9215754249655211,0.0009572256157334779,0.0009572256157334779,2018-02-23
0.47103991936072676,0.01251046450240212,0.0,2018-02-26
0.9100551590784005,0.02185673838174812,0.02185673838174812,2018-02-27
0.4880716155424456,0.014033362170043697,0.0,2018-02-28
0.7624530694238645,0.008688099244267873,0.008688099244267873,2018-03-01
0.015441363776850792,0.026127407469065663,-0.026127407469065663,2018-03-02
0.8901614134850108,0.0069959162260009936,0.0069959162260009936,2018-03-05
0.7312972814954972,0.01280438336819644,0.01280438336819644,2018-03-06
0.32527479941695214,0.002528273899439165,-0.002528273899439165,2018-03-07
0.1959825745347613,0.008887720711624952,-0.008887720711624952,2018-03-08
0.5224973028395486,0.018301993719620935,0.0,2018-03-09
0.6404965168925162,0.0209222759690617,0.0209222759690617,2018-03-12
0.3335947866793244,0.013160204179474562,-0.013160204179474562,2018-03-13
0.32883985841682517,0.009899019819599375,-0.009899019819599375,2018-03-14
0.604434157605844,0.02668548255169049,0.02668548255169049,2018-03-15
0.029023132725848222,0.008119536749905324,-0.008119536749905324,2018-03-16
0.6265747299524748,0.02615884862294008,0.02615884862294008,2018-03-19
0.45002387807312005,0.01408185430044457,0.0,2018-03-20
0.6283769284548741,0.0053147625345103785,0.0053147625345103785,2018-03-22
0.4693031260868924,0.016322838564767295,0.0,2018-03-23
0.017158528657668204,0.021025512906531128,-0.021025512906531128,2018-03-26
0.38672151203689176,0.02998925935557853,-0.02998925935557853,2018-03-27
0.4672794100142651,0.031666120146376917,0.0,2018-03-28
0.5708750894906534,0.04036118810899135,0.0,2018-03-29
0.860932472115539,0.0037049157584067172,0.0037049157584067172,2018-03-30
0.5304149504640231,0.0040719870112092965,0.0,2018-04-02
0.3818715108238486,0.006314083220599182,-0.006314083220599182,2018-04-03
0.5191835751446925,0.0016773063925680763,0.0,2018-04-04
0.7735790645073667,0.013110642716889201,0.013110642716889201,2018-04-05
0.44985425706785853,0.017279673920174068,0.0,2018-04-06
0.8053871569797533,0.030032225304008387,0.030032225304008387,2018-04-09
0.8492345068701262,0.018500319222043725,0.018500319222043725,2018-04-10
0.8600444959545281,0.042724711687867456,0.042724711687867456,2018-04-11
0.4013991304633425,0.01552430454608687,0.0,2018-04-12
0.324188175846158,0.016939990941932603,-0.016939990941932603,2018-04-13
0.10632753074071133,0.01686210960734583,-0.01686210960734583,2018-04-16
0.053802145351559805,0.009719751657931815,-0.009719751657931815,2018-04-17
0.8690162253970056,0.01586693079880244,0.01586693079880244,2018-04-18
0.3094355880696156,0.009168956196469057,-0.009168956196469057,2018-04-19
0.8720484700613726,0.027720239072056008,0.027720239072056008,2018-04-20
0.15762565554098118,0.04099127309009079,-0.04099127309009079,2018-04-23
0.3292155809125078,0.0060324017951668175,-0.0060324017951668175,2018-04-24
0.002733737675161274,0.006869539629724292,-0.006869539629724292,2018-04-25
0.4507390893083967,0.01025319227570201,0.0,2018-04-26
0.3582946968666757,0.015896080352020763,-0.015896080352020763,2018-04-27
0.8217779220259744,0.008359857166518651,0.008359857166518651,2018-05-01
0.329132754469718,0.010893439282539078,-0.010893439282539078,2018-05-02
0.9949946566936316,0.017831518548839506,0.017831518548839506,2018-05-07
0.7687428964465672,0.024360913713389526,0.024360913713389526,2018-05-08
0.40944849507245795,0.012993531420957187,0.0,2018-05-09
0.36863059421208655,0.032742226477474316,-0.032742226477474316,2018-05-10
0.4673831131224201,0.003945077527696379,0.0,2018-05-11
0.16229210617652023,0.003303693853945142,-0.003303693853945142,2018-05-14
0.18935333322573988,0.01975812312090464,-0.01975812312090464,2018-05-15
0.2638036600262905,0.01897224688618174,-0.01897224688618174,2018-05-16
0.9905300659891532,0.02882467847577129,0.02882467847577129,2018-05-17
0.4361146677973744,0.006777260072713401,0.0,2018-05-18
0.9233630099818594,0.001027537298150956,0.001027537298150956,2018-05-21
0.43819788113239266,0.005701017322223297,0.0,2018-05-22
0.34003637982268176,0.0011583429056755846,-0.0011583429056755846,2018-05-23
0.4100415349174168,0.01160419806984718,0.0,2018-05-24
0.9367897361651552,0.02676145534322289,0.02676145534322289,2018-05-25
0.7050342620522674,0.014716595122931227,0.014716595122931227,2018-05-28
0.8073641142290987,0.00896482033431921,0.00896482033431921,2018-05-29
0.979759066997929,0.012697482257831294,0.012697482257831294,2018-05-30
0.33090367336456405,0.0022748964126023366,-0.0022748964126023366,2018-05-31
0.46103326212514306,0.0007648147944000521,0.0,2018-06-01
0.003406085098416445,0.007216257804245112,-0.007216257804245112,2018-06-04
0.6862375470111433,0.010068128479732928,0.010068128479732928,2018-06-05
0.8713122490974473,0.00762497474115197,0.00762497474115197,2018-06-06
0.37192881532059185,0.0081996358589928,-0.0081996358589928,2018-06-07
0.3474906737327166,0.015825466964909447,-0.015825466964909447,2018-06-08
0.1969935756361012,0.021667707631293977,-0.021667707631293977,2018-06-11
0.8642509788049221,0.00017310979093170578,0.00017310979093170578,2018-06-12
0.6038518259934121,0.005797991485488155,0.005797991485488155,2018-06-13
0.7855772232742774,0.03082207959686207,0.03082207959686207,2018-06-14
0.4654058423459462,0.015763944778768094,0.0,2018-06-15
0.9281984370339516,0.013828640324234505,0.013828640324234505,2018-06-18
0.22880866526695964,0.00460237220184838,-0.00460237220184838,2018-06-19
0.40733595578073667,0.006981705229934939,0.0,2018-06-20
0.6397280522190754,0.002287081741725688,0.002287081741725688,2018-06-21
0.19566171395899645,0.018592235567695462,-0.018592235567695462,2018-06-22
0.16201215493782084,0.04067122212812961,-0.04067122212812961,2018-06-25
0.9777836884780606,0.02052247535557144,0.02052247535557144,2018-06-26
0.9120552705548418,0.004990876000619449,0.004990876000619449,2018-06-27
0.4007066429661007,0.00012821958196493658,0.0,2018-06-28
0.49002131772966606,0.021160804587045154,0.0,2018-06-29
0.561921473679792,0.0029135522323648962,0.0,2018-07-02
0.25911709924525794,0.013028003678120311,-0.013028003678120311,2018-07-03
0.5921422042535224,0.01994366062486479,0.0,2018-07-04
0.7778248989696491,0.0132928770501142,0.0132928770501142,2018-07-05
0.01761960055621059,0.026460293751884214,-0.026460293751884214,2018-07-06
0.23042937369666272,0.013763464430685459,-0.013763464430685459,2018-07-09
0.5327945430115079,0.013707625579674133,0.0,2018-07-10
0.8166612345752099,0.024369118504239774,0.024369118504239774,2018-07-11
0.2596382026563492,0.004174035308451388,-0.004174035308451388,2018-07-12
0.24885952799911315,0.028388022904180753,-0.028388022904180753,2018-07-13
0.9779192975228724,0.0030747928597205146,0.0030747928597205146,2018-07-17
0.3358737061511914,0.009378066535677434,-0.009378066535677434,2018-07-18
0.659350610671076,0.01977084909356858,0.01977084909356858,2018-07-19
0.38122088999481774,0.011168169989417352,-0.011168169989417352,2018-07-20
0.979861199970394,0.012906319630503328,0.012906319630503328,2018-07-23
0.9533300097643045,0.02679339048542625,0.02679339048542625,2018-07-24
0.09598542592104298,0.018779747534571387,-0.018779747534571387,2018-07-25
0.3280795534341946,0.012241281776476385,-0.012241281776476385,2018-07-26
0.22675850569809264,0.01566253022828944,-0.01566253022828944,2018-07-27
0.3051538463425516,0.0014791983554833024,-0.0014791983554833024,2018-07-30
0.5792274342072034,0.01060693241365374,0.0,2018-07-31
0.8117041391209053,0.010076964322497446,0.010076964322497446,2018-08-01
0.7334794288631278,0.0165899236943182,0.0165899236943182,2018-08-02
0.8463415366384032,0.0023177328473173884,0.0023177328473173884,2018-08-03
0.5448633364090624,0.0216224024090175,0.0,2018-08-06
0.15707994254907232,0.010359289419420391,-0.010359289419420391,2018-08-07
0.05336274234019267,0.012352341871720051,-0.012352341871720051,2018-08-08
0.9977304990104309,0.0005895753818509822,0.0005895753818509822,2018-08-09
0.12172991992980675,0.00572888538665844,-0.00572888538665844,2018-08-10
0.5500721176912969,0.030845704586924018,0.0,2018-08-13
0.569503197678094,0.018312918078548828,0.0,2018-08-14
0.763479427688234,0.005843768004093485,0.005843768004093485,2018-08-15
0.7529926721672658,0.003934338424256441,0.003934338424256441,2018-08-16
0.16957255415397787,0.01373006344026531,-0.01373006344026531,2018-08-17
0.5390836915586098,0.0014484911113649517,0.0,2018-08-20
0.8079873482620639,0.024851954994908658,0.024851954994908658,2018-08-21
0.5318005244789651,0.015206997941451134,0.0,2018-08-22
0.45102546358019047,0.017687898301714834,0.0,2018-08-23
0.6341000932562108,0.02252479127760909,0.02252479127760909,2018-08-24
0.3963627470545713,0.011887771895391896,-0.011887771895391896,2018-08-27
0.48558429998199426,0.007544851005052629,0.0,2018-08-28
0.04531526792326357,0.017564982782315986,-0.017564982782315986,2018-08-29
0.04922223018126459,0.007731861699336086,-0.007731861699336086,2018-08-30
0.9632898996622585,0.0449238135592055,0.0449238135592055,2018-08-31
0.11800541827829991,0.029102235615469776,-0.029102235615469776,2018-09-03
0.665083988296238,0.023694736838255445,0.023694736838255445,2018-09-04
0.7656201183542113,0.02916596318131174,0.02916596318131174,2018-09-05
0.7902034425060044,0.021546418849601914,0.021546418849601914,2018-09-06
0.5946873288978005,0.0050169105504649794,0.0,2018-09-07
0.3141332540223669,0.001522412496028646,-0.001522412496028646,2018-09-10
0.8129182069444497,0.005753824182714496,0.005753824182714496,2018-09-11
0.6818096060218668,0.008106293731853153,0.008106293731853153,2018-09-12
0.7342329626991048,0.019025910795901897,0.019025910795901897,2018-09-13
0.9891571617866498,0.01687972390866336,0.01687972390866336,2018-09-14
0.8522138184378372,0.01081266536094319,0.01081266536094319,2018-09-18
0.012632709804044406,0.005080039344774668,-0.005080039344774668,2018-09-19
0.5641242216577155,0.0038929721065720257,0.0,2018-09-20
0.9676019583956312,0.011798914100588882,0.011798914100588882,2018-09-21
0.019092786061879807,0.013104694876160445,-0.013104694876160445,2018-09-25
0.4340721954376583,0.009975970590779972,0.0,2018-09-26
0.4772152747825772,0.020920573198045044,0.0,2018-09-27
0.9569439982122849,0.02813919474196882,0.02813919474196882,2018-09-28
0.8140455549058778,0.05362029073760385,0.05362029073760385,2018-10-01
0.786877920766631,0.030942453166487496,0.030942453166487496,2018-10-02
0.23408493222347126,0.00047453749436026423,-0.00047453749436026423,2018-10-03
0.6393143861537819,0.03293262186530618,0.03293262186530618,2018-10-04
0.1745051117718972,0.01980638399728357,-0.01980638399728357,2018-10-05
0.49014717931335505,0.02056583750639671,0.0,2018-10-09
0.5738511422701186,0.010725094417875473,0.0,2018-10-10
0.9693677165487601,0.0010756568845245466,0.0010756568845245466,2018-10-11
0.16025311382974472,0.0016828275055749647,-0.0016828275055749647,2018-10-12
0.4113480357973903,0.008129499262136625,0.0,2018-10-15
0.36860352217301773,0.02046619619119931,-0.02046619619119931,2018-10-16
0.730808329755573,0.01282704987748002,0.01282704987748002,2018-10-17
0.25948308268185694,0.016958220361446213,-0.016958220361446213,2018-10-18
0.1867416669049522,0.015555260936155776,-0.015555260936155776,2018-10-19
0.7154971653608687,0.013531687952149594,0.013531687952149594,2018-10-22
0.37752526350090054,0.022166606536641088,-0.022166606536641088,2018-10-23
0.8246120664174149,0.024690284961160016,0.024690284961160016,2018-10-24
0.15428844777097672,0.01575909349556867,-0.01575909349556867,2018-10-25
0.2143223675463316,0.0054570622613561645,-0.0054570622613561645,2018-10-26
0.15873973523634932,0.007011634678741898,-0.007011634678741898,2018-10-29
0.24711885986430004,0.01226919031020351,-0.01226919031020351,2018-10-30
0.29198558059742963,0.004266441296245633,-0.004266441296245633,2018-10-31
0.02659463791160588,0.001138762592231922,-0.001138762592231922,2018-11-01
0.7324074920362912,0.007674460106376746,0.007674460106376746,2018-11-02
0.7761964937678311,0.012297247517298068,0.012297247517298068,2018-11-05
0.5727522771880359,0.01077125897613103,0.0,2018-11-06
0.23907903199733171,0.002360622818700828,-0.002360622818700828,2018-11-07
0.30874891067367216,0.004511157301775043,-0.004511157301775043,2018-11-08
0.021885552324123037,0.002463685574088767,-0.002463685574088767,2018-11-09
0.8153515808335614,0.022117429059537237,0.022117429059537237,2018-11-12
0.22696062432260267,0.012657956097320271,-0.012657956097320271,2018-11-13
0.5646607173305754,0.018608060631927856,0.0,2018-11-14
0.36476356330517423,0.008036519019901222,-0.008036519019901222,2018-11-15
0.15694203735502865,0.018523912931234815,-0.018523912931234815,2018-11-16
0.9996017862612657,0.024300369619122648,0.024300369619122648,2018-11-19
0.4942291026059479,0.017350607419123924,0.0,2018-11-20
0.9427194583489362,0.01077382683829863,0.01077382683829863,2018-11-21
0.02000950060714124,0.0009618582193264784,-0.0009618582193264784,2018-11-22
0.6817000631929587,0.005471298580813249,0.005471298580813249,2018-11-26
0.9785468795343536,0.01636060667088829,0.01636060667088829,2018-11-27
0.5035962418061312,0.014889351576886967,0.0,2018-11-28
0.48547623944583673,0.01897019266610856,0.0,2018-11-29
0.05310118506283645,0.02928833303896795,-0.02928833303896795,2018-11-30
0.9941038432344421,0.01713786246024166,0.01713786246024166,2018-12-03
0.8263313686287986,0.0008888123052527836,0.0008888123052527836,2018-12-04
0.2322650958751138,0.013490122668451806,-0.013490122668451806,2018-12-05
0.5372362876119061,0.035040778146594356,0.0,2018-12-06
0.6037930019208165,0.005145890889779907,0.005145890889779907,2018-12-07
0.8586611536740147,0.01604485087965434,0.01604485087965434,2018-12-10
0.596860368432572,0.02951352076067243,0.0,2018-12-11
0.43280401121576884,0.0030941427739895845,0.0,2018-12-12
0.25139067043910845,0.00892178443668126,-0.00892178443668126,2018-12-13
0.7192969597373376,0.009803253829658036,0.009803253829658036,2018-12-14
0.6334452441918678,0.0006827542117048928,0.0006827542117048928,2018-12-17
0.4606384929237508,0.02814186438658345,0.0,2018-12-18
0.40674252461637594,0.012443665613624694,0.0,2018-12-19
0.3894972404460061,0.01727175558609431,-0.01727175558609431,2018-12-20
0.7023627902947314,0.009881236509410992,0.009881236509410992,2018-12-21
0.7188046183246815,0.005479087114647728,0.005479087114647728,2018-12-25
0.5137952934165455,0.031018216945350043,0.0,2018-12-26
0.26749665773173903,0.026169336709031182,-0.026169336709031182,2018-12-27
0.19057260366096984,0.011248051615420297,-0.011248051615420297,2018-12-28
0.8615009247741742,0.020456125911489455,0.020456125911489455,2019-01-04
0.3831948109854443,0.005463228150983999,-0.005463228150983999,2019-01-07
0.22164390223388986,0.003019349031041951,-0.003019349031041951,2019-01-08
0.15495776606496003,0.0009303809996655444,-0.0009303809996655444,2019-01-09
0.6192380606334691,0.011510560783999837,0.011510560783999837,2019-01-10
0.28786771009386736,0.020220108637252338,-0.020220108637252338,2019-01-11
0.059108558522622534,0.008379151499109939,-0.008379151499109939,2019-01-15
0.9577009093055716,0.011132344058089222,0.011132344058089222,2019-01-16
0.15830723619223586,0.03818652576415723,-0.03818652576415723,2019-01-17
0.6882496347938507,0.017339123110157784,0.017339123110157784,2019-01-18
0.84432334620643,0.004482278461274392,0.004482278461274392,2019-01-21
0.2003509573917992,0.02022313058748601,-0.02022313058748601,2019-01-22
0.7705730162169478,0.013418757419580192,0.013418757419580192,2019-01-23
0.9953242802110269,0.009513560294393394,0.009513560294393394,2019-01-24
0.12088733163618226,0.0006808074144833891,-0.0006808074144833891,2019-01-25
0.2791252121999006,0.009482681368162799,-0.009482681368162799,2019-01-28
0.47132398895885996,0.023599431468988075,0.0,2019-01-29
0.905010355353602,0.01763299987076921,0.01763299987076921,2019-01-30
0.5326710618918096,0.01583790669358683,0.0,2019-01-31
0.4020793474940153,0.0167691921001948,0.0,2019-02-01
0.6374359901247855,0.0029533786942298502,0.0029533786942298502,2019-02-04
0.6160753447470754,0.012131485479239864,0.012131485479239864,2019-02-05
0.35982784621060115,0.004252702493900615,-0.004252702493900615,2019-02-06
0.09640873958880891,0.018990423812891274,-0.018990423812891274,2019-02-07
0.9388369878346065,0.025633347332326094,0.025633347332326094,2019-02-08
0.9843108209024378,0.02706230879740362,0.02706230879740362,2019-02-12
0.99332459730069,0.013475717201844673,0.013475717201844673,2019-02-13
0.9649230610508687,0.00637127474760991,0.00637127474760991,2019-02-14
0.17604483398450743,0.008578444334659385,-0.008578444334659385,2019-02-15
0.9495907322343334,0.014217749684853695,0.014217749684853695,2019-02-18
0.6262937629516939,0.011191390712026928,0.011191390712026928,2019-02-19
0.20845790125139096,0.021560453528045573,-0.021560453528045573,2019-02-20
0.8940760943080572,0.010531962157677252,0.010531962157677252,2019-02-21
0.9574834619718862,0.014792031343852789,0.014792031343852789,2019-02-22
0.930986199677206,0.04460209770051346,0.04460209770051346,2019-02-25
0.017504541243476,0.032835980079959415,-0.032835980079959415,2019-02-26
0.684682234626592,0.008258642984524313,0.008258642984524313,2019-02-27
0.29762427966460503,0.028648329278103613,-0.028648329278103613,2019-02-28
0.04608600070675528,0.022199487629320374,-0.022199487629320374,2019-03-01
0.031854795528754254,0.030198758389182047,-0.030198758389182047,2019-03-04
0.2435143447851349,0.01439455516551909,-0.01439455516551909,2019-03-05
0.3720445182033878,0.01192353823424941,-0.01192353823424941,2019-03-06
0.5060230709364288,0.016180455851293338,0.0,2019-03-07
0.5804720268960714,0.045587073259894244,0.0,2019-03-08
0.41959007918881974,0.025123617191902117,0.0,2019-03-11
0.46080126181284375,0.0018960731168573925,0.0,2019-03-12
0.3554989174055113,0.02809154877988516,-0.02809154877988516,2019-03-13
0.42061967483193774,0.0002448490696820002,0.0,2019-03-14
0.20160325860621187,0.015603054017552142,-0.015603054017552142,2019-03-15
0.20734770395131563,0.02344398427169156,-0.02344398427169156,2019-03-18
0.1701299868406123,0.0016621998976577058,-0.0016621998976577058,2019-03-19
0.256427536867295,0.004900726075253267,-0.004900726075253267,2019-03-20
0.5826281495714805,0.03353545620753907,0.0,2019-03-22
0.19635276203290775,0.017085662487782826,-0.017085662487782826,2019-03-25
0.8114568088529128,0.014751726616012883,0.014751726616012883,2019-03-26
0.8796209643393504,0.010987726378095381,0.010987726378095381,2019-03-27
0.8172866995310192,0.008462637501577538,0.008462637501577538,2019-03-28
0.51367659969161,0.0051112451850109175,0.0,2019-03-29
0.7864611992694746,0.013181431324244238,0.013181431324244238,2019-04-01
0.7509129183850523,0.022639179456735742,0.022639179456735742,2019-04-02
0.4716549779413062,0.013676287656824118,0.0,2019-04-03
0.9491099665504649,0.010629816958437661,0.010629816958437661,2019-04-04
0.568285678697988,0.011809196596291522,0.0,2019-04-05
0.4995816794898218,0.0157074341482775,0.0,2019-04-08
0.9810730042351347,0.03080218804756087,0.03080218804756087,2019-04-09
0.0016442022283378321,0.0074134710028081925,-0.0074134710028081925,2019-04-10
0.42872161830969546,0.007221483691343869,0.0,2019-04-11
0.3637931738718406,0.013217499419648473,-0.013217499419648473,2019-04-12
0.30887720233204163,0.007425760771382694,-0.007425760771382694,2019-04-15
0.24397610632185274,0.012084897832067223,-0.012084897832067223,2019-04-16
0.7672896758494734,0.0032151472770372397,0.0032151472770372397,2019-04-17
0.029222337707418555,0.022149957489702464,-0.022149957489702464,2019-04-18
0.7488481228088923,0.02649533178115525,0.02649533178115525,2019-04-19
0.05795000368291048,0.0010749804351144166,-0.0010749804351144166,2019-04-22
0.08119590556446976,0.034931512481324936,-0.034931512481324936,2019-04-23
0.6433011271428788,0.004896980083067894,0.004896980083067894,2019-04-24
0.7821369248556561,0.010600073954835107,0.010600073954835107,2019-04-25
0.6498387710461602,0.01231113466633313,0.01231113466633313,2019-04-26
0.4121968553190596,0.01126737326216165,0.0,2019-04-30
0.006790010467702445,0.005913661974295516,-0.005913661974295516,2019-05-01
0.0439286474477677,0.028919001485546374,-0.028919001485546374,2019-05-02
0.05087883379482716,0.02221251409828181,-0.02221251409828181,2019-05-07
