date,profit,f1,f2,f3,close,open
2015-01-05,0.004790571232331161,0.0,0.09090909090909091,0.16129032258064516,17408.7,17325.7
2015-01-06,-0.012770734901997349,0.25,0.09090909090909091,0.1935483870967742,16883.2,17101.6
2015-01-07,0.004581070066574253,0.5,0.09090909090909091,0.22580645161290322,16885.3,16808.3
2015-01-08,0.005841545871075681,0.75,0.09090909090909091,0.25806451612903225,17167.1,17067.4
2015-01-09,-0.006986667590523538,1.0,0.09090909090909091,0.2903225806451613,17197.7,17318.7
2015-01-13,0.006882369232038328,0.25,0.09090909090909091,0.41935483870967744,17087.7,16970.9
2015-01-14,-0.00977490596516875,0.5,0.09090909090909091,0.45161290322580644,16796.0,16961.8
2015-01-15,0.013975072453460831,0.75,0.09090909090909091,0.4838709677419355,17108.7,16872.9
2015-01-16,0.003045262594421027,1.0,0.09090909090909091,0.5161290322580645,16864.2,16813.0
2015-01-19,0.0007940802785751259,0.0,0.09090909090909091,0.6129032258064516,17014.3,17000.8
2015-01-20,0.017256629392503296,0.25,0.09090909090909091,0.6451612903225806,17366.3,17071.7
2015-01-21,-0.0016292384754488048,0.5,0.09090909090909091,0.6774193548387096,17280.5,17308.7
2015-01-22,0.001294303907180004,0.75,0.09090909090909091,0.7096774193548387,17329.0,17306.6
2015-01-23,-0.0005022659041356616,1.0,0.09090909090909091,0.7419354838709677,17511.8,17520.6
2015-01-26,0.010575215351417604,0.0,0.09090909090909091,0.8387096774193549,17468.5,17285.7
2015-01-27,0.0067367729214589615,0.25,0.09090909090909091,0.8709677419354839,17768.3,17649.4
2015-01-28,0.010206688275932496,0.5,0.09090909090909091,0.9032258064516129,17795.7,17615.9
2015-01-29,-0.0034358036780646702,0.75,0.09090909090909091,0.9354838709677419,17606.2,17666.9
2015-01-30,-0.006425427378054567,1.0,0.09090909090909091,0.967741935483871,17674.4,17788.7
2015-02-02,0.0012203049621934384,0.0,0.18181818181818182,0.06451612903225806,17558.0,17536.6
2015-02-03,-0.018057616711791787,0.25,0.18181818181818182,0.0967741935483871,17335.8,17654.6
2015-02-04,0.007373513473471958,0.5,0.18181818181818182,0.12903225806451613,17678.7,17549.3
2015-02-05,-0.004809769631364825,0.75,0.18181818181818182,0.16129032258064516,17504.6,17589.2
2015-02-06,-0.002695493947853252,1.0,0.18181818181818182,0.1935483870967742,17648.5,17696.2
2015-02-09,-0.004406895892705453,0.0,0.18181818181818182,0.2903225806451613,17711.9,17790.3
2015-02-10,-0.0005661648558827361,0.25,0.18181818181818182,0.3225806451612903,17652.7,17662.7
2015-02-12,0.004486183894432175,0.75,0.18181818181818182,0.3870967741935484,17979.7,17899.4
2015-02-13,0.0011904695368348552,1.0,0.18181818181818182,0.41935483870967744,17913.4,17892.1
2015-02-16,-0.0010652463382157527,0.0,0.18181818181818182,0.5161290322580645,18004.8,18024.0
2015-02-17,0.0020836002830129647,0.25,0.18181818181818182,0.5483870967741935,17987.1,17949.7
2015-02-18,0.005258506407423814,0.5,0.18181818181818182,0.5806451612903226,18199.2,18104.0
2015-02-19,0.0015078986472778315,0.75,0.18181818181818182,0.6129032258064516,18264.8,18237.3
2015-02-20,-0.00022905134567669552,1.0,0.18181818181818182,0.6451612903225806,18332.3,18336.5
2015-02-23,-0.001767605786070893,0.0,0.18181818181818182,0.7419354838709677,18466.9,18499.6
2015-02-24,0.0073151978514651265,0.25,0.18181818181818182,0.7741935483870968,18603.5,18468.4
2015-02-25,-0.0027419605823043496,0.5,0.18181818181818182,0.8064516129032258,18585.2,18636.3
2015-02-26,0.010646711032445721,0.75,0.18181818181818182,0.8387096774193549,18785.8,18587.9
2015-02-27,-0.002462283024574955,1.0,0.18181818181818182,0.8709677419354839,18797.9,18844.3
2015-03-02,-0.0022523238682735014,0.0,0.2727272727272727,0.06451612903225806,18826.9,18869.4
2015-03-03,-0.005039528304381125,0.25,0.2727272727272727,0.0967741935483871,18815.2,18910.5
2015-03-04,-0.0007052487604719144,0.5,0.2727272727272727,0.12903225806451613,18703.6,18716.8
2015-03-05,0.005016561083062597,0.75,0.2727272727272727,0.16129032258064516,18751.8,18658.2
2015-03-06,0.008301975040925268,1.0,0.2727272727272727,0.1935483870967742,18971.0,18814.8
2015-03-09,-0.0043660255391300504,0.0,0.2727272727272727,0.2903225806451613,18790.6,18873.0
2015-03-10,-0.011958075273940048,0.25,0.2727272727272727,0.3225806451612903,18665.1,18891.0
2015-03-11,0.006374664738859039,0.5,0.2727272727272727,0.3548387096774194,18723.5,18604.9
2015-03-12,0.010858514619073728,0.75,0.2727272727272727,0.3870967741935484,18991.1,18787.1
2015-03-13,0.007039896232138862,1.0,0.2727272727272727,0.41935483870967744,19254.2,19119.6
2015-03-16,3.6372327932757416e-05,0.0,0.2727272727272727,0.5161290322580645,19246.1,19245.4
2015-03-17,0.0005714020972000548,0.25,0.2727272727272727,0.5483870967741935,19437.0,19425.9
2015-03-18,0.007043559805851294,0.5,0.2727272727272727,0.5806451612903226,19544.5,19407.8
2015-03-19,-0.0019472600002049746,0.75,0.2727272727272727,0.6129032258064516,19476.6,19514.6
2015-03-20,0.004132507174135125,1.0,0.2727272727272727,0.6451612903225806,19560.2,19479.7
2015-03-23,0.00746634026927792,0.0,0.2727272727272727,0.7419354838709677,19754.4,19608.0
2015-03-24,-0.000283990060347814,0.25,0.2727272727272727,0.7741935483870968,19713.4,19719.0
2015-03-25,2.025747247523297e-05,0.5,0.2727272727272727,0.8064516129032258,19746.2,19745.8
2015-03-26,-0.006860284816583018,0.75,0.2727272727272727,0.8387096774193549,19471.1,19605.6
2015-03-27,-0.004598780884349289,1.0,0.2727272727272727,0.8709677419354839,19285.6,19374.7
2015-03-30,0.006022223143579788,0.0,0.2727272727272727,0.967741935483871,19411.4,19295.2
2015-03-31,-0.019670892795165547,0.25,0.2727272727272727,1.0,19207.0,19592.4
2015-04-01,-0.004966073874269465,0.5,0.36363636363636365,0.03225806451612903,19034.8,19129.8
2015-04-02,0.008928058343215554,0.75,0.36363636363636365,0.06451612903225806,19312.8,19141.9
2015-04-03,0.007574265125200816,1.0,0.36363636363636365,0.0967741935483871,19435.1,19289.0
2015-04-06,0.005338170510494947,0.0,0.36363636363636365,0.1935483870967742,19398.0,19295.0
2015-04-07,0.005194738727672859,0.25,0.36363636363636365,0.22580645161290322,19640.5,19539.0
2015-04-08,0.0030461689736792016,0.5,0.36363636363636365,0.25806451612903225,19789.8,19729.7
2015-04-09,0.004362478653575983,0.75,0.36363636363636365,0.2903225806451613,19937.7,19851.1
2015-04-10,-0.004102133109216793,1.0,0.36363636363636365,0.3225806451612903,19907.6,19989.6
2015-04-13,-0.0031000530865311184,0.0,0.36363636363636365,0.41935483870967744,19905.5,19967.4
2015-04-14,0.0040345559718993175,0.25,0.36363636363636365,0.45161290322580644,19908.7,19828.7
2015-04-15,0.0015777402525392178,0.5,0.36363636363636365,0.4838709677419355,19869.8,19838.5
2015-04-16,0.0011730648206418766,0.75,0.36363636363636365,0.5161290322580645,19885.8,19862.5
2015-04-17,-0.007950369502887371,1.0,0.36363636363636365,0.5483870967741935,19652.9,19810.4
2015-04-20,0.006845802779344649,0.0,0.36363636363636365,0.6451612903225806,19634.5,19501.0
2015-04-21,0.008995722597255165,0.25,0.36363636363636365,0.6774193548387096,19909.1,19731.6
2015-04-22,0.006705067050670617,0.5,0.36363636363636365,0.7096774193548387,20133.9,19999.8
2015-04-23,-0.0019577501693255426,0.75,0.36363636363636365,0.7419354838709677,20187.7,20227.3
2015-04-24,-0.006081668114682885,1.0,0.36363636363636365,0.7741935483870968,20020.0,20142.5
2015-04-27,-0.004012201078559396,0.0,0.36363636363636365,0.8709677419354839,19983.3,20063.8
2015-04-28,-0.0004883226118283332,0.25,0.36363636363636365,0.9032258064516129,20058.9,20068.7
2015-04-30,-0.016500818742914727,0.75,0.36363636363636365,0.967741935483871,19520.0,19847.5
2015-05-01,0.0010660762244500107,1.0,0.45454545454545453,0.03225806451612903,19531.6,19510.8
2015-05-07,-0.0033322139849662905,0.75,0.45454545454545453,0.22580645161290322,19292.0,19356.5
2015-05-08,0.0032926753504940146,1.0,0.45454545454545453,0.25806451612903225,19379.2,19315.6
2015-05-11,-0.000850409418666084,0.0,0.45454545454545453,0.3548387096774194,19620.9,19637.6
2015-05-12,0.0008465845921603486,0.25,0.45454545454545453,0.3870967741935484,19624.8,19608.2
2015-05-13,0.010010833571808259,0.5,0.45454545454545453,0.41935483870967744,19764.7,19568.8
2015-05-14,-0.0046435928082801045,0.75,0.45454545454545453,0.45161290322580644,19570.2,19661.5
2015-05-15,0.00201592427843117,1.0,0.45454545454545453,0.4838709677419355,19732.9,19693.2
2015-05-18,0.006278394430897114,0.0,0.45454545454545453,0.5806451612903226,19890.3,19766.2
2015-05-19,0.002467825660381282,0.25,0.45454545454545453,0.6129032258064516,20026.4,19977.1
2015-05-20,0.0010408612383274848,0.5,0.45454545454545453,0.6451612903225806,20196.6,20175.6
2015-05-21,-0.0006232841136750782,0.75,0.45454545454545453,0.6774193548387096,20202.9,20215.5
2015-05-22,0.0027512766715491357,1.0,0.45454545454545453,0.7096774193548387,20264.4,20208.8
2015-05-25,0.00402815280421396,0.0,0.45454545454545453,0.8064516129032258,20413.8,20331.9
2015-05-26,0.00030345597196461936,0.25,0.45454545454545453,0.8387096774193549,20437.5,20431.3
2015-05-27,0.004514096739055768,0.5,0.45454545454545453,0.8709677419354839,20472.6,20380.6
2015-05-28,-0.001884382451931214,0.75,0.45454545454545453,0.9032258064516129,20551.5,20590.3
2015-05-29,0.002579191918207021,1.0,0.45454545454545453,0.9354838709677419,20563.2,20510.3
2015-06-01,0.006133678984568048,0.0,0.5454545454545454,0.03225806451612903,20569.9,20444.5
2015-06-02,-0.002984755905206093,0.25,0.5454545454545454,0.06451612903225806,20543.2,20604.7
2015-06-03,0.001482155435548215,0.5,0.5454545454545454,0.0967741935483871,20473.5,20443.2
2015-06-04,-0.002517052176495539,0.75,0.5454545454545454,0.12903225806451613,20488.2,20539.9
2015-06-05,0.003044296723336774,1.0,0.5454545454545454,0.16129032258064516,20460.9,20398.8
2015-06-08,-0.003924470975469551,0.0,0.5454545454545454,0.25806451612903225,20457.2,20537.8
2015-06-09,-0.009697877603717485,0.25,0.5454545454545454,0.2903225806451613,20096.3,20293.1
2015-06-10,-0.003974878766197632,0.5,0.5454545454545454,0.3225806451612903,20046.4,20126.4
2015-06-11,0.009879307952991613,0.75,0.5454545454545454,0.3548387096774194,20383.0,20183.6
2015-06-12,-0.0012088998521912278,1.0,0.5454545454545454,0.3870967741935484,20407.1,20431.8
2015-06-15,0.009042271505708991,0.0,0.5454545454545454,0.4838709677419355,20387.8,20205.1
2015-06-16,-0.0036837031790996726,0.25,0.5454545454545454,0.5161290322580645,20257.9,20332.8
2015-06-17,-0.00427457758998524,0.5,0.5454545454545454,0.5483870967741935,20219.3,20306.1
2015-06-18,-0.010042785833135216,0.75,0.5454545454545454,0.5806451612903226,19990.8,20193.6
2015-06-19,0.0010817570115717863,1.0,0.5454545454545454,0.6129032258064516,20174.2,20152.4
2015-06-22,0.012595357413713731,0.0,0.5454545454545454,0.7096774193548387,20428.2,20174.1
2015-06-23,0.012736218652209284,0.25,0.5454545454545454,0.7419354838709677,20809.4,20547.7
2015-06-24,-0.0010196607832717835,0.5,0.5454545454545454,0.7741935483870968,20868.0,20889.3
2015-06-25,-0.00030320969115923664,0.75,0.5454545454545454,0.8064516129032258,20771.4,20777.7
2015-06-26,-0.002514644673963346,1.0,0.5454545454545454,0.8387096774193549,20706.2,20758.4
2015-06-29,-0.009657244164286346,0.0,0.5454545454545454,0.9354838709677419,20109.9,20306.0
2015-06-30,0.0030285606653912443,0.25,0.5454545454545454,0.967741935483871,20235.7,20174.6
2015-07-01,0.001882598774832352,0.5,0.6363636363636364,0.03225806451612903,20329.3,20291.1
2015-07-02,-0.002110289362488461,0.75,0.6363636363636364,0.06451612903225806,20522.5,20565.9
2015-07-03,0.0030815512265159203,1.0,0.6363636363636364,0.0967741935483871,20539.8,20476.7
2015-07-06,-0.0043613429570005325,0.0,0.6363636363636364,0.1935483870967742,20112.1,20200.2
2015-07-07,0.0011005099684584909,0.25,0.6363636363636364,0.22580645161290322,20376.6,20354.2
2015-07-08,-0.02686552446690504,0.5,0.6363636363636364,0.25806451612903225,19737.6,20282.5
2015-07-09,0.02227794138847132,0.75,0.6363636363636364,0.2903225806451613,19855.5,19422.8
2015-07-10,-0.002526487778556734,1.0,0.6363636363636364,0.3225806451612903,19779.8,19829.9
2015-07-13,0.008023121039242435,0.0,0.6363636363636364,0.41935483870967744,20089.8,19929.9
2015-07-14,0.001473817629806488,0.25,0.6363636363636364,0.45161290322580644,20385.3,20355.3
2015-07-15,-0.0007568802859542553,0.5,0.6363636363636364,0.4838709677419355,20463.3,20478.8
2015-07-16,0.0005391228325804335,0.75,0.6363636363636364,0.5161290322580645,20600.1,20589.0
2015-07-17,0.00020826673641194732,1.0,0.6363636363636364,0.5483870967741935,20650.9,20646.6
2015-07-21,0.0037903416123641594,0.25,0.6363636363636364,0.6774193548387096,20842.0,20763.3
2015-07-22,-0.003102944166368081,0.5,0.6363636363636364,0.7096774193548387,20593.7,20657.8
2015-07-23,-0.0004687439594849176,0.75,0.6363636363636364,0.7419354838709677,20683.9,20693.6
2015-07-24,-0.0028684307596729963,1.0,0.6363636363636364,0.7741935483870968,20544.5,20603.6
2015-07-27,-0.001177966143289765,0.0,0.6363636363636364,0.8709677419354839,20350.1,20374.1
2015-07-28,0.006949466530616433,0.25,0.6363636363636364,0.9032258064516129,20328.9,20188.6
2015-07-29,-0.006012033859304664,0.5,0.6363636363636364,0.9354838709677419,20302.9,20425.7
2015-07-30,0.003530458764046078,0.75,0.6363636363636364,0.967741935483871,20522.8,20450.6
2015-07-31,0.0038329123306643812,1.0,0.6363636363636364,1.0,20585.2,20506.6
2015-08-03,0.0003846116396139189,0.0,0.7272727272727273,0.0967741935483871,20548.1,20540.2
2015-08-04,0.00284426894468829,0.25,0.7272727272727273,0.12903225806451613,20520.4,20462.2
2015-08-05,0.006046793101092122,0.5,0.7272727272727273,0.16129032258064516,20614.1,20490.2
2015-08-06,-0.005026770925619093,0.75,0.7272727272727273,0.1935483870967742,20664.4,20768.8
2015-08-07,0.005970410065237653,1.0,0.7272727272727273,0.22580645161290322,20724.6,20601.6
2015-08-10,0.009234514969711444,0.0,0.7272727272727273,0.3225806451612903,20808.7,20618.3
2015-08-11,-0.009550395304149945,0.25,0.7272727272727273,0.3548387096774194,20720.8,20920.6
2015-08-12,-0.011627174339761709,0.5,0.7272727272727273,0.3870967741935484,20392.8,20632.7
2015-08-13,0.009959543949981541,0.75,0.7272727272727273,0.41935483870967744,20595.6,20392.5
2015-08-14,4.873674360573924e-05,1.0,0.7272727272727273,0.45161290322580644,20519.4,20518.4
2015-08-17,0.0009757186823428194,0.0,0.7272727272727273,0.5483870967741935,20620.3,20600.2
2015-08-18,-0.0041713903665590414,0.25,0.7272727272727273,0.5806451612903226,20554.5,20640.6
2015-08-19,-0.011965310858678463,0.5,0.7272727272727273,0.6129032258064516,20222.6,20467.5
2015-08-20,-0.007962642923993369,0.75,0.7272727272727273,0.6451612903225806,20033.5,20194.3
2015-08-21,-0.013976754450492864,1.0,0.7272727272727273,0.6774193548387096,19435.8,19711.3
2015-08-24,-0.028015580521202926,0.0,0.7272727272727273,0.7741935483870968,18540.7,19075.1
2015-08-25,-0.020086177958033646,0.25,0.7272727272727273,0.8064516129032258,17806.7,18171.7
2015-08-26,0.02696389353034206,0.5,0.7272727272727273,0.8387096774193549,18376.8,17894.3
2015-08-27,-0.005679719493589495,0.75,0.7272727272727273,0.8709677419354839,18574.4,18680.5
2015-08-28,0.012036787298968123,1.0,0.7272727272727273,0.9032258064516129,19136.3,18908.7
2015-08-31,-0.006129320776556006,0.0,0.7272727272727273,1.0,18890.5,19007.0
2015-09-01,-0.031870046952360134,0.25,0.8181818181818182,0.03225806451612903,18165.7,18763.7
2015-09-02,0.01307818920825461,0.5,0.8181818181818182,0.06451612903225806,18095.4,17861.8
2015-09-03,-0.00964623219586582,0.75,0.8181818181818182,0.0967741935483871,18182.4,18359.5
2015-09-04,-0.028391063832110888,1.0,0.8181818181818182,0.12903225806451613,17792.2,18312.1
2015-09-07,0.010506483807454723,0.0,0.8181818181818182,0.22580645161290322,17860.5,17674.8
2015-09-08,-0.028692613379854025,0.25,0.8181818181818182,0.25806451612903225,17427.1,17941.9
2015-09-09,0.057010603611872976,0.5,0.8181818181818182,0.2903225806451613,18770.5,17758.1
2015-09-10,-0.006460860217388943,0.75,0.8181818181818182,0.3225806451612903,18299.6,18418.6
2015-09-11,0.005976084645593393,1.0,0.8181818181818182,0.3548387096774194,18264.2,18155.7
2015-09-14,-0.020462352107300543,0.0,0.8181818181818182,0.45161290322580644,17965.7,18341.0
2015-09-15,-0.0031079429509974017,0.25,0.8181818181818182,0.4838709677419355,18026.5,18082.7
2015-09-16,-0.0036516761522519866,0.5,0.8181818181818182,0.5161290322580645,18171.6,18238.2
2015-09-17,0.0038285589805031736,0.75,0.8181818181818182,0.5483870967741935,18432.3,18362.0
2015-09-18,-0.011233618779239929,1.0,0.8181818181818182,0.5806451612903226,18070.2,18275.5
2015-09-24,-0.01300875113742331,0.75,0.8181818181818182,0.7741935483870968,17571.8,17803.4
2015-09-25,0.014882253111821273,1.0,0.8181818181818182,0.8064516129032258,17880.5,17618.3
2015-09-28,-0.009320030767330486,0.0,0.8181818181818182,0.9032258064516129,17645.1,17811.1
2015-09-29,-0.024689793426040198,0.25,0.8181818181818182,0.9354838709677419,16930.8,17359.4
2015-09-30,0.01130640114459872,0.5,0.8181818181818182,0.967741935483871,17388.2,17193.8
2015-10-01,0.013867276887871935,0.75,0.9090909090909091,0.03225806451612903,17722.4,17480.0
2015-10-02,0.0091491881305366,1.0,0.9090909090909091,0.06451612903225806,17725.1,17564.4
2015-10-05,0.004715138664137046,0.0,0.9090909090909091,0.16129032258064516,18005.5,17921.0
2015-10-06,-0.006354357898417852,0.25,0.9090909090909091,0.1935483870967742,18186.1,18302.4
2015-10-07,0.00852038176594265,0.5,0.9090909090909091,0.22580645161290322,18323.0,18168.2
2015-10-08,-0.00925147182506296,0.75,0.9090909090909091,0.25806451612903225,18141.2,18310.6
2015-10-09,0.008598856767770738,1.0,0.9090909090909091,0.2903225806451613,18438.7,18281.5
2015-10-13,-0.005481260089881757,0.25,0.9090909090909091,0.41935483870967744,18234.7,18335.2
2015-10-14,-0.011912717391904694,0.5,0.9090909090909091,0.45161290322580644,17891.0,18106.7
2015-10-15,0.016399979780846844,0.75,0.9090909090909091,0.4838709677419355,18096.9,17804.9
2015-10-16,-0.000491781780031474,1.0,0.9090909090909091,0.5161290322580645,18291.8,18300.8
2015-10-19,-0.008291946528977976,0.0,0.9090909090909091,0.6129032258064516,18131.2,18282.8
2015-10-20,-0.0020991477350579195,0.25,0.9090909090909091,0.6451612903225806,18207.2,18245.5
2015-10-21,0.021285144983377042,0.5,0.9090909090909091,0.6774193548387096,18554.3,18167.6
2015-10-22,-0.0004229086354689825,0.75,0.9090909090909091,0.7096774193548387,18435.9,18443.7
2015-10-23,0.003336406807122565,1.0,0.9090909090909091,0.7419354838709677,18825.3,18762.7
2015-10-26,-0.00467532740424772,0.0,0.9090909090909091,0.8387096774193549,18947.1,19036.1
2015-10-27,-0.009714575026897071,0.25,0.9090909090909091,0.8709677419354839,18777.0,18961.2
2015-10-28,0.004042088713489663,0.5,0.9090909090909091,0.9032258064516129,18903.0,18826.9
2015-10-29,-0.005801682225325786,0.75,0.9090909090909091,0.9354838709677419,18935.7,19046.2
2015-10-30,0.008391327552406128,1.0,0.9090909090909091,0.967741935483871,19083.1,18924.3
2015-11-02,-0.007643237673353721,0.0,1.0,0.06451612903225806,18683.2,18827.1
2015-11-04,-0.0007602434890951423,0.5,1.0,0.12903225806451613,18926.9,18941.3
2015-11-05,0.004571872996521172,0.75,1.0,0.16129032258064516,19116.4,19029.4
2015-11-06,0.003714644451738239,1.0,1.0,0.1935483870967742,19265.6,19194.3
2015-11-09,0.011910465445740964,0.0,1.0,0.2903225806451613,19642.7,19411.5
2015-11-10,0.011008834821222113,0.25,1.0,0.3225806451612903,19671.3,19457.1
2015-11-11,0.0045607591062137255,0.5,1.0,0.3548387096774194,19691.4,19602.0
2015-11-12,0.002703019134931994,0.75,1.0,0.3870967741935484,19697.8,19644.7
2015-11-13,0.0052115125184019825,1.0,1.0,0.41935483870967744,19596.9,19495.3
2015-11-16,0.0067327657807309356,0.0,1.0,0.5161290322580645,19393.7,19264.0
2015-11-17,-0.0005651242000438955,0.25,1.0,0.5483870967741935,19630.6,19641.7
2015-11-18,-0.006205776885377769,0.5,1.0,0.5806451612903226,19649.2,19771.9
2015-11-19,0.0004332231804625687,0.75,1.0,0.6129032258064516,19859.8,19851.2
2015-11-20,0.004020161412510911,1.0,1.0,0.6451612903225806,19879.8,19800.2
2015-11-24,0.002460253572147387,0.25,1.0,0.7741935483870968,19924.9,19876.0
2015-11-25,-0.00046331735224208975,0.5,1.0,0.8064516129032258,19847.6,19856.8
2015-11-26,0.0007225288509784975,0.75,1.0,0.8387096774193549,19944.4,19930.0
2015-11-27,-0.0055116259296491025,1.0,1.0,0.8709677419354839,19883.9,19994.1
2015-11-30,-0.005534460704825478,0.0,1.0,0.967741935483871,19747.5,19857.4
2015-12-01,0.01077321696440762,0.25,1.0909090909090908,0.03225806451612903,20012.4,19799.1
2015-12-02,-0.0009720656394839761,0.5,1.0909090909090908,0.06451612903225806,19938.1,19957.5
2015-12-03,0.0022769997888875838,0.75,1.0909090909090908,0.0967741935483871,19939.9,19894.6
2015-12-04,-0.0057094792649045436,1.0,1.0909090909090908,0.12903225806451613,19504.5,19616.5
2015-12-07,-0.0006189625781313787,0.0,1.0909090909090908,0.22580645161290322,19698.2,19710.4
2015-12-08,-0.0100203657712839,0.25,1.0909090909090908,0.25806451612903225,19492.6,19689.9
2015-12-09,-0.00466183637160619,0.5,1.0909090909090908,0.2903225806451613,19301.1,19391.5
2015-12-10,-0.0012270582066073131,0.75,1.0909090909090908,0.3225806451612903,19046.6,19070.0
2015-12-11,0.011024772880215382,1.0,1.0909090909090908,0.3548387096774194,19230.5,19020.8
2015-12-14,-0.00019590090590917032,0.0,1.0909090909090908,0.45161290322580644,18883.4,18887.1
2015-12-15,-0.01606338438708986,0.25,1.0909090909090908,0.4838709677419355,18565.9,18869.0
2015-12-16,0.00962995940259276,0.5,1.0909090909090908,0.5161290322580645,19049.9,18868.2
2015-12-17,-0.000568046848372804,0.75,1.0909090909090908,0.5483870967741935,19353.6,19364.6
2015-12-18,-0.017271809735772917,1.0,1.0909090909090908,0.5806451612903226,18986.8,19320.5
2015-12-21,0.003740946114457032,0.0,1.0909090909090908,0.6774193548387096,18916.0,18845.5
2015-12-22,-0.0021766809841557025,0.25,1.0909090909090908,0.7096774193548387,18886.7,18927.9
2015-12-24,-0.014770808645406247,0.75,1.0909090909090908,0.7741935483870968,18789.7,19071.4
2015-12-25,-0.0029111926858941513,1.0,1.0909090909090908,0.8064516129032258,18769.1,18823.9
2015-12-28,0.0018260089495670032,0.0,1.0909090909090908,0.9032258064516129,18873.3,18838.9
2015-12-29,0.007365974293386504,0.25,1.0909090909090908,0.9354838709677419,18982.2,18843.4
2015-12-30,-0.0019453824695345,0.5,1.0909090909090908,0.967741935483871,19033.7,19070.8
2016-01-05,-0.0013479139943908991,0.25,0.09090909090909091,0.16129032258064516,18374.0,18398.8
2016-01-06,-0.011911616134183529,0.5,0.09090909090909091,0.1935483870967742,18191.3,18410.6
2016-01-07,-0.020534956283972262,0.75,0.09090909090909091,0.22580645161290322,17767.3,18139.8
2016-01-08,0.007732516427326831,1.0,0.09090909090909091,0.25806451612903225,17698.0,17562.2
2016-01-12,-0.014418261222947957,0.25,0.09090909090909091,0.3870967741935484,17219.0,17470.9
2016-01-13,0.015272994022614348,0.5,0.09090909090909091,0.41935483870967744,17715.6,17449.1
2016-01-14,-0.008283050233248393,0.75,0.09090909090909091,0.45161290322580644,17240.9,17384.9
2016-01-15,-0.02142388357825661,1.0,0.09090909090909091,0.4838709677419355,17147.1,17522.5
2016-01-18,0.0076484676321840065,0.0,0.09090909090909091,0.5806451612903226,16955.6,16826.9
2016-01-19,0.008643794039864526,0.25,0.09090909090909091,0.6129032258064516,17048.4,16902.3
2016-01-20,-0.03605925908527733,0.5,0.09090909090909091,0.6451612903225806,16416.2,17030.3
2016-01-21,-0.02730325683644172,0.75,0.09090909090909091,0.6774193548387096,16017.3,16466.9
2016-01-22,0.03806154241676711,1.0,0.09090909090909091,0.7096774193548387,16958.5,16336.7
2016-01-25,-0.002035483908595564,0.0,0.09090909090909091,0.8064516129032258,17110.9,17145.8
2016-01-26,-0.007378320095525905,0.25,0.09090909090909091,0.8387096774193549,16708.9,16833.1
2016-01-27,0.012667264531659351,0.5,0.09090909090909091,0.8709677419354839,17163.9,16949.2
2016-01-28,-0.0010785589514529961,0.75,0.09090909090909091,0.9032258064516129,17041.4,17059.8
2016-01-29,0.021171546653764813,1.0,0.09090909090909091,0.9354838709677419,17518.3,17155.1
2016-02-01,0.009356143641664342,0.0,0.18181818181818182,0.03225806451612903,17865.2,17699.6
2016-02-02,0.001930403860807763,0.25,0.18181818181818182,0.06451612903225806,17750.7,17716.5
2016-02-03,-0.017499742818933142,0.5,0.18181818181818182,0.0967741935483871,17191.2,17497.4
2016-02-04,-0.0015288997194087405,0.75,0.18181818181818182,0.12903225806451613,17045.0,17071.1
2016-02-05,0.0017331228968761232,1.0,0.18181818181818182,0.16129032258064516,16819.6,16790.5
2016-02-08,0.02306734292366826,0.0,0.18181818181818182,0.25806451612903225,17004.3,16620.9
2016-02-09,-0.03488372093023254,0.25,0.18181818181818182,0.2903225806451613,16085.4,16666.8
2016-02-10,-0.025700804196454596,0.5,0.18181818181818182,0.3225806451612903,15713.4,16127.9
2016-02-12,-0.030707298574512286,1.0,0.18181818181818182,0.3870967741935484,14952.6,15426.3
2016-02-15,0.05077254006977786,0.0,0.18181818181818182,0.4838709677419355,16022.6,15248.4
2016-02-16,0.012927852613647095,0.25,0.18181818181818182,0.5161290322580645,16054.4,15849.5
2016-02-17,-0.012403883931077041,0.5,0.18181818181818182,0.5483870967741935,15836.4,16035.3
2016-02-18,0.0036373550789745327,0.75,0.18181818181818182,0.5806451612903226,16196.8,16138.1
2016-02-19,-0.005183671434979746,1.0,0.18181818181818182,0.6129032258064516,15967.2,16050.4
2016-02-22,0.016377102337963863,0.0,0.18181818181818182,0.7096774193548387,16111.0,15851.4
2016-02-23,-0.010991719242902187,0.25,0.18181818181818182,0.7419354838709677,16052.0,16230.4
2016-02-24,0.004081735652415221,0.5,0.18181818181818182,0.7741935483870968,15915.8,15851.1
2016-02-25,0.009810116682829122,0.75,0.18181818181818182,0.8064516129032258,16140.3,15983.5
2016-02-26,-0.007546822793734505,1.0,0.18181818181818182,0.8387096774193549,16188.4,16311.5
2016-02-29,-0.017562357095130966,0.0,0.18181818181818182,0.9354838709677419,16026.8,16313.3
2016-03-01,0.004527571348279523,0.25,0.2727272727272727,0.03225806451612903,16085.5,16013.0
2016-03-02,0.02166366714455654,0.5,0.2727272727272727,0.06451612903225806,16746.6,16391.5
2016-03-03,0.01583631811593344,0.75,0.2727272727272727,0.0967741935483871,16960.2,16695.8
2016-03-04,0.005163226484870553,1.0,0.2727272727272727,0.12903225806451613,17014.8,16927.4
2016-03-07,-0.006655075596489743,0.0,0.2727272727272727,0.22580645161290322,16911.3,17024.6
2016-03-08,-0.006293851209331198,0.25,0.2727272727272727,0.25806451612903225,16783.2,16889.5
2016-03-09,0.0009984602059475859,0.5,0.2727272727272727,0.2903225806451613,16642.2,16625.6
2016-03-10,0.002456724763547634,0.75,0.2727272727272727,0.3225806451612903,16852.3,16811.0
2016-03-11,0.01978904528542707,1.0,0.2727272727272727,0.3548387096774194,16938.9,16610.2
2016-03-14,0.00456413395121094,0.0,0.2727272727272727,0.45161290322580644,17233.8,17155.5
2016-03-15,-0.005969837223212847,0.25,0.2727272727272727,0.4838709677419355,17117.1,17219.9
2016-03-16,-0.0004122157183742212,0.5,0.2727272727272727,0.5161290322580645,16974.4,16981.4
2016-03-17,-0.01000724824054789,0.75,0.2727272727272727,0.5483870967741935,16936.4,17107.6
2016-03-18,-0.0094173112687902,1.0,0.2727272727272727,0.5806451612903226,16724.8,16883.8
2016-03-22,0.006571295306808007,0.25,0.2727272727272727,0.7096774193548387,17048.6,16937.3
2016-03-23,-0.0038262540796774507,0.5,0.2727272727272727,0.7419354838709677,17001.0,17066.3
2016-03-24,-0.005129745456258889,0.75,0.2727272727272727,0.7741935483870968,16892.3,16979.4
2016-03-25,0.0031446355349714896,1.0,0.2727272727272727,0.8064516129032258,17002.8,16949.5
2016-03-28,0.00029773545912571925,0.0,0.2727272727272727,0.9032258064516129,17134.4,17129.3
2016-03-29,0.0069589586289321185,0.25,0.2727272727272727,0.9354838709677419,17103.5,16985.3
2016-03-30,-0.011652418315962056,0.5,0.2727272727272727,0.967741935483871,16879.0,17078.0
2016-03-31,-0.014025922069058713,0.75,0.2727272727272727,1.0,16758.7,16997.1
2016-04-01,-0.03321849805019246,1.0,0.36363636363636365,0.03225806451612903,16164.2,16719.6
2016-04-04,0.0022066410571986226,0.0,0.36363636363636365,0.12903225806451613,16123.3,16087.8
2016-04-05,-0.019408882960820818,0.25,0.36363636363636365,0.16129032258064516,15732.8,16044.2
2016-04-06,-0.0007820596781475418,0.5,0.36363636363636365,0.1935483870967742,15715.4,15727.7
2016-04-07,0.0006671198846200276,0.75,0.36363636363636365,0.22580645161290322,15749.8,15739.3
2016-04-08,0.014393793678271462,1.0,0.36363636363636365,0.25806451612903225,15821.5,15597.0
2016-04-11,-0.0006661760227388082,0.0,0.36363636363636365,0.3548387096774194,15751.1,15761.6
2016-04-12,0.01333401190900291,0.25,0.36363636363636365,0.3870967741935484,15928.8,15719.2
2016-04-13,0.01477448010555855,0.5,0.36363636363636365,0.41935483870967744,16381.2,16142.7
2016-04-14,0.016915416902187598,0.75,0.36363636363636365,0.45161290322580644,16911.1,16629.8
2016-04-15,0.007631396378076992,1.0,0.36363636363636365,0.4838709677419355,16848.0,16720.4
2016-04-18,-0.014841536934363162,0.0,0.36363636363636365,0.5806451612903226,16276.0,16521.2
2016-04-19,0.017590621551375876,0.25,0.36363636363636365,0.6129032258064516,16874.4,16582.7
2016-04-20,-0.008637371143088301,0.5,0.36363636363636365,0.6451612903225806,16906.5,17053.8
2016-04-21,0.010257573906314505,0.75,0.36363636363636365,0.6774193548387096,17363.6,17187.3
2016-04-22,0.020440753752794638,1.0,0.36363636363636365,0.7096774193548387,17572.5,17220.5
2016-04-25,-0.009895762365444843,0.0,0.36363636363636365,0.8064516129032258,17439.3,17613.6
2016-04-26,-0.00030532416208676235,0.25,0.36363636363636365,0.8387096774193549,17353.3,17358.6
2016-04-27,-0.004559664242905792,0.5,0.36363636363636365,0.8709677419354839,17290.5,17369.7
2016-04-28,-0.04432020184643623,0.75,0.36363636363636365,0.9032258064516129,16666.1,17439.0
2016-05-02,-0.012820120926081074,0.0,0.45454545454545453,0.06451612903225806,16147.4,16357.1
2016-05-06,-0.0065380843412880035,1.0,0.45454545454545453,0.1935483870967742,16106.7,16212.7
2016-05-09,-0.0006532483699604577,0.0,0.45454545454545453,0.2903225806451613,16216.0,16226.6
2016-05-10,0.015802544841330722,0.25,0.45454545454545453,0.3225806451612903,16565.2,16307.5
2016-05-11,-0.009422407045594456,0.5,0.45454545454545453,0.3548387096774194,16579.0,16736.7
2016-05-12,0.011336780135725349,0.75,0.45454545454545453,0.3870967741935484,16646.3,16459.7
2016-05-13,-0.02332750145796884,1.0,0.45454545454545453,0.41935483870967744,16412.2,16804.2
2016-05-16,0.004544927677694471,0.0,0.45454545454545453,0.5161290322580645,16466.4,16391.9
2016-05-17,0.002039846199206796,0.25,0.45454545454545453,0.5483870967741935,16652.8,16618.9
2016-05-18,0.002004647410814216,0.5,0.45454545454545453,0.5806451612903226,16644.7,16611.4
2016-05-19,-0.009567157518964704,0.75,0.45454545454545453,0.6129032258064516,16646.7,16807.5
2016-05-20,0.00851461283519128,1.0,0.45454545454545453,0.6451612903225806,16736.3,16595.0
2016-05-23,-0.0010017215214170897,0.0,0.45454545454545453,0.7419354838709677,16654.6,16671.3
2016-05-24,-0.006395663956639611,0.25,0.45454545454545453,0.7741935483870968,16498.8,16605.0
2016-05-25,-0.000417553968850474,0.5,0.45454545454545453,0.8064516129032258,16757.3,16764.3
2016-05-26,-0.00916840444951179,0.75,0.45454545454545453,0.8387096774193549,16772.5,16927.7
2016-05-27,0.00025548854757727183,1.0,0.45454545454545453,0.8709677419354839,16834.8,16830.5
2016-05-30,0.005555653746678642,0.0,0.45454545454545453,0.967741935483871,17068.0,16973.7
2016-05-31,0.01206729498810887,0.25,0.45454545454545453,1.0,17235.0,17029.5
2016-06-01,-0.008276208969889806,0.5,0.5454545454545454,0.03225806451612903,16955.7,17097.2
2016-06-02,-0.01514511841972259,0.75,0.5454545454545454,0.06451612903225806,16562.6,16817.3
2016-06-03,0.0025723666375493674,1.0,0.5454545454545454,0.0967741935483871,16642.2,16599.5
2016-06-06,0.012624211368508529,0.0,0.5454545454545454,0.1935483870967742,16580.0,16373.3
2016-06-07,0.0014593630450842835,0.25,0.5454545454545454,0.22580645161290322,16675.4,16651.1
2016-06-08,0.006482284347436176,0.5,0.5454545454545454,0.25806451612903225,16830.9,16722.5
2016-06-09,-0.004396129494683941,0.75,0.5454545454545454,0.2903225806451613,16668.4,16742.0
2016-06-10,-0.002169797145003669,1.0,0.5454545454545454,0.3225806451612903,16601.4,16637.5
2016-06-13,-0.018377238940872943,0.0,0.5454545454545454,0.41935483870967744,16019.2,16319.1
2016-06-14,-0.008886833487488484,0.25,0.5454545454545454,0.45161290322580644,15859.0,16001.2
2016-06-15,0.007627016728801008,0.5,0.5454545454545454,0.4838709677419355,15919.6,15799.1
2016-06-16,-0.027540450627551814,0.75,0.5454545454545454,0.5161290322580645,15434.1,15871.2
2016-06-17,-0.002053506314052032,1.0,0.5454545454545454,0.5483870967741935,15599.7,15631.8
2016-06-20,0.007967624423104778,0.0,0.5454545454545454,0.6451612903225806,15965.3,15839.1
2016-06-21,0.01847465954471593,0.25,0.5454545454545454,0.6774193548387096,16169.1,15875.8
2016-06-22,-0.0018700530573192106,0.5,0.5454545454545454,0.7096774193548387,16065.7,16095.8
2016-06-23,0.008677773222516175,0.75,0.5454545454545454,0.7419354838709677,16238.3,16098.6
2016-06-24,-0.08460318723636116,1.0,0.5454545454545454,0.7741935483870968,14952.0,16333.9
2016-06-27,0.010301522460750627,0.0,0.5454545454545454,0.8709677419354839,15309.2,15153.1
2016-06-28,0.015131138744062463,0.25,0.5454545454545454,0.9032258064516129,15323.1,15094.7
2016-06-29,0.002802239214599989,0.5,0.5454545454545454,0.9354838709677419,15566.8,15523.3
2016-06-30,-0.011223472801488069,0.75,0.5454545454545454,0.967741935483871,15575.9,15752.7
2016-07-01,-0.0009873869282711171,1.0,0.6363636363636364,0.03225806451612903,15682.5,15698.0
2016-07-04,0.014259997428314212,0.0,0.6363636363636364,0.12903225806451613,15775.8,15554.0
2016-07-05,-0.0008225886674064517,0.25,0.6363636363636364,0.16129032258064516,15669.3,15682.2
2016-07-06,-0.003595840487220189,0.5,0.6363636363636364,0.1935483870967742,15379.0,15434.5
2016-07-07,-0.004600307555972486,0.75,0.6363636363636364,0.22580645161290322,15276.2,15346.8
2016-07-08,-0.014340893076180238,1.0,0.6363636363636364,0.25806451612903225,15107.0,15326.8
2016-07-11,0.021650765158462246,0.0,0.6363636363636364,0.3548387096774194,15708.8,15375.9
2016-07-12,0.008420366762105934,0.25,0.6363636363636364,0.3870967741935484,16095.7,15961.3
2016-07-13,-0.0068286116380101795,0.5,0.6363636363636364,0.41935483870967744,16231.4,16343.0
2016-07-14,0.008847323638423409,0.75,0.6363636363636364,0.45161290322580644,16385.9,16242.2
2016-07-15,0.0062026945432145895,1.0,0.6363636363636364,0.4838709677419355,16497.8,16396.1
2016-07-19,0.006693915880593106,0.25,0.6363636363636364,0.6129032258064516,16723.3,16612.1
2016-07-20,0.0021024935573590283,0.5,0.6363636363636364,0.6451612903225806,16681.9,16646.9
2016-07-21,-0.002669799231097821,0.75,0.6363636363636364,0.6774193548387096,16810.2,16855.2
2016-07-22,0.0008607768661702214,1.0,0.6363636363636364,0.7096774193548387,16627.2,16612.9
2016-07-25,-0.0021313896660622726,0.0,0.6363636363636364,0.8064516129032258,16620.3,16655.8
2016-07-26,-0.009240556852405041,0.25,0.6363636363636364,0.8387096774193549,16383.0,16535.8
2016-07-27,0.00839278474655247,0.5,0.6363636363636364,0.8709677419354839,16664.8,16526.1
2016-07-28,-0.007194417999301131,0.75,0.6363636363636364,0.9032258064516129,16476.8,16596.2
2016-07-29,0.012811970879661518,1.0,0.6363636363636364,0.9354838709677419,16569.3,16359.7
2016-08-01,0.01343259032731659,0.0,0.7272727272727273,0.03225806451612903,16635.8,16415.3
2016-08-02,-0.00475418495783161,0.25,0.7272727272727273,0.06451612903225806,16391.4,16469.7
2016-08-03,-0.008886259574913813,0.5,0.7272727272727273,0.0967741935483871,16083.1,16227.3
2016-08-04,0.005356159893124222,0.75,0.7272727272727273,0.12903225806451613,16254.9,16168.3
2016-08-05,-0.001505006450027643,1.0,0.7272727272727273,0.16129032258064516,16254.5,16279.0
2016-08-08,0.011438255893769357,0.0,0.7272727272727273,0.25806451612903225,16650.6,16462.3
2016-08-09,0.007972391236381913,0.25,0.7272727272727273,0.2903225806451613,16765.0,16632.4
2016-08-10,0.0021558048038517047,0.5,0.7272727272727273,0.3225806451612903,16735.1,16699.1
2016-08-12,0.0025300405280497197,1.0,0.7272727272727273,0.3870967741935484,16919.9,16877.2
2016-08-15,0.00016007683688153064,0.0,0.7272727272727273,0.4838709677419355,16869.6,16866.9
2016-08-16,-0.016719297102265027,0.25,0.7272727272727273,0.5161290322580645,16596.5,16878.7
2016-08-17,0.008995981031916709,0.5,0.7272727272727273,0.5483870967741935,16745.6,16596.3
2016-08-18,-0.009843902966384271,0.75,0.7272727272727273,0.5806451612903226,16486.0,16649.9
2016-08-19,-0.000760943086288662,1.0,0.7272727272727273,0.6129032258064516,16545.8,16558.4
2016-08-22,-6.626785466848271e-05,0.0,0.7272727272727273,0.7096774193548387,16598.2,16599.3
2016-08-23,-0.003166201404246445,0.25,0.7272727272727273,0.7419354838709677,16497.4,16549.8
2016-08-24,0.002845887058766573,0.5,0.7272727272727273,0.7741935483870968,16597.3,16550.2
2016-08-25,-0.0014656035512237051,0.75,0.7272727272727273,0.8064516129032258,16555.9,16580.2
2016-08-26,-0.0075763090212062545,1.0,0.7272727272727273,0.8387096774193549,16360.7,16485.6
2016-08-29,0.006397652590628489,0.0,0.7272727272727273,0.9354838709677419,16737.5,16631.1
2016-08-30,0.0020609909532084032,0.25,0.7272727272727273,0.967741935483871,16725.4,16691.0
2016-08-31,0.0017558637544639387,0.5,0.7272727272727273,1.0,16887.4,16857.8
2016-09-01,0.0024636960178143308,0.75,0.8181818181818182,0.03225806451612903,16926.8,16885.2
2016-09-02,0.0012955666773152464,1.0,0.8181818181818182,0.06451612903225806,16925.7,16903.8
2016-09-05,-0.0054811312494528475,0.0,0.8181818181818182,0.16129032258064516,17037.6,17131.5
2016-09-06,0.0027590255356618725,0.25,0.8181818181818182,0.1935483870967742,17082.0,17035.0
2016-09-07,0.004428070424032022,0.5,0.8181818181818182,0.22580645161290322,17012.4,16937.4
2016-09-08,-0.001483749411210594,0.75,0.8181818181818182,0.25806451612903225,16958.8,16984.0
2016-09-09,-0.0016829073106436345,1.0,0.8181818181818182,0.2903225806451613,16965.8,16994.4
2016-09-12,-0.004507893291299467,0.0,0.8181818181818182,0.3870967741935484,16672.9,16748.4
2016-09-13,-0.0021294744313945808,0.25,0.8181818181818182,0.41935483870967744,16729.0,16764.7
2016-09-14,-0.0010762321053864406,0.5,0.8181818181818182,0.45161290322580644,16614.2,16632.1
2016-09-15,-0.006504202902061568,0.75,0.8181818181818182,0.4838709677419355,16405.0,16512.4
2016-09-16,0.0036819432883519678,1.0,0.8181818181818182,0.5161290322580645,16519.3,16458.7
2016-09-20,0.005425770581349979,0.25,0.8181818181818182,0.6451612903225806,16492.2,16403.2
2016-09-21,0.020386357289427948,0.5,0.8181818181818182,0.6774193548387096,16807.6,16471.8
2016-09-23,-0.00034606618217396815,1.0,0.8181818181818182,0.7419354838709677,16754.0,16759.8
2016-09-26,-0.00974418521134365,0.0,0.8181818181818182,0.8387096774193549,16544.6,16707.4
2016-09-27,0.017875772532319763,0.25,0.8181818181818182,0.8709677419354839,16683.9,16390.9
2016-09-28,-0.0023992729475915513,0.5,0.8181818181818182,0.9032258064516129,16465.4,16505.0
2016-09-29,0.005263062813510622,0.75,0.8181818181818182,0.9354838709677419,16693.7,16606.3
2016-09-30,-0.0014932258534454779,1.0,0.8181818181818182,0.967741935483871,16449.8,16474.4
2016-10-03,0.0019739224918508226,0.0,0.9090909090909091,0.0967741935483871,16598.7,16566.0
2016-10-04,0.004453380547969914,0.25,0.9090909090909091,0.12903225806451613,16735.7,16661.5
2016-10-05,0.0018644380774247684,0.5,0.9090909090909091,0.16129032258064516,16819.2,16787.9
2016-10-06,-0.0008572982688487372,0.75,0.9090909090909091,0.1935483870967742,16899.1,16913.6
2016-10-07,-0.001362309054616747,1.0,0.9090909090909091,0.22580645161290322,16860.1,16883.1
2016-10-11,0.005225462468189629,0.25,0.9090909090909091,0.3548387096774194,17024.8,16936.3
2016-10-12,-0.0006349884574528492,0.5,0.9090909090909091,0.3870967741935484,16840.0,16850.7
2016-10-13,-0.008839622307046794,0.75,0.9090909090909091,0.41935483870967744,16774.2,16923.8
2016-10-14,0.006292161661990416,1.0,0.9090909090909091,0.45161290322580644,16856.4,16751.0
2016-10-17,0.0016773551132658801,0.0,0.9090909090909091,0.5483870967741935,16900.1,16871.8
2016-10-18,0.006007484151035107,0.25,0.9090909090909091,0.5806451612903226,16963.6,16862.3
2016-10-19,0.002713400067245132,0.5,0.9090909090909091,0.6129032258064516,16998.9,16952.9
2016-10-20,0.013888725484428776,0.75,0.9090909090909091,0.6451612903225806,17235.5,16999.4
2016-10-21,-0.005739478586884871,1.0,0.9090909090909091,0.6774193548387096,17184.6,17283.8
2016-10-24,0.0010338859008168226,0.0,0.9090909090909091,0.7741935483870968,17234.4,17216.6
2016-10-25,0.003850022545177193,0.25,0.9090909090909091,0.8064516129032258,17365.2,17298.6
2016-10-26,0.003623982918806583,0.5,0.9090909090909091,0.8387096774193549,17391.8,17329.0
2016-10-27,-0.0005764884932896739,0.75,0.9090909090909091,0.8709677419354839,17336.4,17346.4
2016-10-28,-0.0001031625038685522,1.0,0.9090909090909091,0.9032258064516129,17446.4,17448.2
2016-10-31,0.0036922048972114654,0.0,0.9090909090909091,1.0,17425.0,17360.9
2016-11-01,0.0035614625586146225,0.25,1.0,0.03225806451612903,17442.4,17380.5
2016-11-02,-0.0059925745446107025,0.5,1.0,0.06451612903225806,17134.7,17238.0
2016-11-04,-0.003483745468478207,1.0,1.0,0.12903225806451613,16905.4,16964.5
2016-11-07,0.0029896064463389425,0.0,1.0,0.22580645161290322,17177.2,17126.0
2016-11-08,-0.004135083252622807,0.25,1.0,0.25806451612903225,17171.4,17242.7
2016-11-09,-0.0596230738518335,0.5,1.0,0.2903225806451613,16251.5,17281.9
2016-11-10,0.047183766127912384,0.75,1.0,0.3225806451612903,17344.4,16562.9
2016-11-11,-0.00866112081065348,1.0,1.0,0.3548387096774194,17374.8,17526.6
2016-11-14,0.011741806211535626,0.0,1.0,0.45161290322580644,17672.6,17467.5
2016-11-15,-0.0012436264146250464,0.25,1.0,0.4838709677419355,17668.2,17690.2
2016-11-16,0.0016654983877751705,0.5,1.0,0.5161290322580645,17862.2,17832.5
2016-11-17,0.005403397386106515,0.75,1.0,0.5483870967741935,17862.6,17766.6
2016-11-18,-0.003151318782525675,1.0,1.0,0.5806451612903226,17967.4,18024.2
2016-11-21,0.0037642545500912775,0.0,1.0,0.6774193548387096,18106.0,18038.1
2016-11-22,0.003968802339271958,0.25,1.0,0.7096774193548387,18162.9,18091.1
2016-11-24,0.00019640148828695256,0.75,1.0,0.7741935483870968,18333.4,18329.8
2016-11-25,-0.00034806064956806863,1.0,1.0,0.8064516129032258,18381.2,18387.6
2016-11-28,0.002966791603378914,0.0,1.0,0.9032258064516129,18356.9,18302.6
2016-11-29,0.0023763113515408497,0.25,1.0,0.9354838709677419,18307.0,18263.6
2016-11-30,-0.002587709740684245,0.5,1.0,0.967741935483871,18308.5,18356.0
2016-12-01,-0.0011923259527818518,0.75,1.0909090909090908,0.03225806451612903,18513.1,18535.2
2016-12-02,-0.0005153073401462389,1.0,1.0909090909090908,0.06451612903225806,18426.1,18435.6
2016-12-05,-0.004081766113166908,0.0,1.0909090909090908,0.16129032258064516,18275.0,18349.9
2016-12-06,-0.005239147866415313,0.25,1.0909090909090908,0.1935483870967742,18360.5,18457.2
2016-12-07,0.0033741083294909395,0.5,1.0909090909090908,0.22580645161290322,18496.7,18434.5
2016-12-08,0.004889098328174662,0.75,1.0909090909090908,0.25806451612903225,18765.5,18674.2
2016-12-09,0.008301486199575448,1.0,1.0909090909090908,0.2903225806451613,18996.4,18840.0
2016-12-12,-0.001501266693772833,0.0,1.0909090909090908,0.3870967741935484,19155.0,19183.8
2016-12-13,0.006783188987908494,0.25,1.0909090909090908,0.41935483870967744,19250.5,19120.8
2016-12-14,-0.0008510638297873097,0.5,1.0909090909090908,0.45161290322580644,19253.6,19270.0
2016-12-15,-0.002788743616674589,0.75,1.0909090909090908,0.4838709677419355,19273.8,19327.7
2016-12-16,-0.001913737756193963,1.0,1.0909090909090908,0.5161290322580645,19401.2,19438.4
2016-12-19,0.0023674389273123505,0.0,1.0909090909090908,0.6129032258064516,19391.6,19345.8
2016-12-20,0.00654178585074199,0.25,1.0909090909090908,0.6451612903225806,19494.5,19367.8
2016-12-21,-0.0052590383326597155,0.5,1.0909090909090908,0.6774193548387096,19444.5,19547.3
2016-12-22,0.001593046275674413,0.75,1.0909090909090908,0.7096774193548387,19427.7,19396.8
2016-12-26,0.00011343480592320923,0.0,1.0909090909090908,0.8387096774193549,19396.6,19394.4
2016-12-27,0.002568024223133769,0.25,1.0909090909090908,0.8709677419354839,19403.1,19353.4
2016-12-28,0.0004950469521094766,0.5,1.0909090909090908,0.9032258064516129,19401.7,19392.1
2016-12-29,-0.008077301694212809,0.75,1.0909090909090908,0.9354838709677419,19145.1,19301.0
2016-12-30,0.006142848871179181,1.0,1.0909090909090908,0.967741935483871,19114.4,18997.7
2017-01-04,0.015311912201339987,0.5,0.09090909090909091,0.12903225806451613,19594.2,19298.7
2017-01-05,-0.004152616301314544,0.75,0.09090909090909091,0.16129032258064516,19520.7,19602.1
2017-01-06,0.0031298985232241943,1.0,0.09090909090909091,0.1935483870967742,19454.3,19393.6
2017-01-10,-0.005840904876691896,0.25,0.09090909090909091,0.3225806451612903,19301.4,19414.8
2017-01-11,0.00031510543117798723,0.5,0.09090909090909091,0.3548387096774194,19364.7,19358.6
2017-01-12,-0.008575040673153645,0.75,0.09090909090909091,0.3870967741935484,19134.7,19300.2
2017-01-13,0.005856584093872192,1.0,0.09090909090909091,0.41935483870967744,19287.3,19175.0
2017-01-16,-0.006446711864759423,0.0,0.09090909090909091,0.5161290322580645,19095.2,19219.1
2017-01-17,-0.011812967476258584,0.25,0.09090909090909091,0.5483870967741935,18813.5,19038.4
2017-01-18,0.007486402900714592,0.5,0.09090909090909091,0.5806451612903226,18894.4,18754.0
2017-01-19,-0.0005554740394490612,0.75,0.09090909090909091,0.6129032258064516,19072.2,19082.8
2017-01-20,0.0041292394224312,1.0,0.09090909090909091,0.6451612903225806,19137.9,19059.2
2017-01-23,-0.002502851349638906,0.0,0.09090909090909091,0.7419354838709677,18891.0,18938.4
2017-01-24,-0.0015623837512090649,0.25,0.09090909090909091,0.7741935483870968,18788.0,18817.4
2017-01-25,-0.0017652111967818016,0.5,0.09090909090909091,0.8064516129032258,19057.5,19091.2
2017-01-26,0.007356949643574778,0.75,0.09090909090909091,0.8387096774193549,19402.4,19260.7
2017-01-27,0.0007145243786465909,1.0,0.09090909090909091,0.8709677419354839,19467.4,19453.5
2017-01-30,-0.00012905690377001028,0.0,0.09090909090909091,0.967741935483871,19368.8,19371.3
2017-01-31,-0.005432142614636491,0.25,0.09090909090909091,1.0,19041.3,19145.3
2017-02-01,0.011681724520526156,0.5,0.18181818181818182,0.03225806451612903,19148.1,18927.0
2017-02-02,-0.012436823858652558,0.75,0.18181818181818182,0.06451612903225806,18914.6,19152.8
2017-02-03,-0.00413229666205183,1.0,0.18181818181818182,0.0967741935483871,18918.2,18996.7
2017-02-06,-0.0048768465156767025,0.0,0.18181818181818182,0.1935483870967742,18976.7,19069.7
2017-02-07,0.003539569414299475,0.25,0.18181818181818182,0.22580645161290322,18910.8,18844.1
2017-02-08,0.002976064840221085,0.5,0.18181818181818182,0.25806451612903225,19007.6,18951.2
2017-02-09,-0.0018107908351810407,0.75,0.18181818181818182,0.2903225806451613,18907.7,18942.0
2017-02-10,0.008440575124761313,1.0,0.18181818181818182,0.3225806451612903,19378.9,19216.7
2017-02-13,-0.0027980198628662052,0.0,0.18181818181818182,0.41935483870967744,19459.2,19513.8
2017-02-14,-0.012315890527699276,0.25,0.18181818181818182,0.45161290322580644,19239.0,19478.9
2017-02-15,-4.115480379443549e-05,0.5,0.18181818181818182,0.4838709677419355,19438.0,19438.8
2017-02-16,-0.0043280018114822535,0.75,0.18181818181818182,0.5161290322580645,19347.5,19431.6
2017-02-17,0.0003068330152323255,1.0,0.18181818181818182,0.5483870967741935,19234.6,19228.7
2017-02-20,0.004686529619597798,0.0,0.18181818181818182,0.6451612903225806,19251.1,19161.3
2017-02-21,0.005890626378588221,0.25,0.18181818181818182,0.6774193548387096,19381.4,19267.9
2017-02-22,-0.0020237702891982815,0.5,0.18181818181818182,0.7096774193548387,19379.9,19419.2
2017-02-23,-0.000433438769033971,0.75,0.18181818181818182,0.7419354838709677,19371.5,19379.9
2017-02-24,0.002672615055038267,1.0,0.18181818181818182,0.7741935483870968,19283.5,19232.1
2017-02-27,-0.001202268628629675,0.0,0.18181818181818182,0.8709677419354839,19107.5,19130.5
2017-02-28,-0.003943796985626278,0.25,0.18181818181818182,0.9032258064516129,19119.0,19194.7
2017-03-01,0.00866494338660931,0.5,0.2727272727272727,0.03225806451612903,19393.5,19226.9
2017-03-02,-0.0030573559985324693,0.75,0.2727272727272727,0.06451612903225806,19564.8,19624.8
2017-03-03,-0.004199209259742246,1.0,0.2727272727272727,0.0967741935483871,19469.2,19551.3
2017-03-06,-0.0015508109556294015,0.0,0.2727272727272727,0.1935483870967742,19379.1,19409.2
2017-03-07,0.00036199656620400063,0.25,0.2727272727272727,0.22580645161290322,19344.2,19337.2
2017-03-08,-0.002822591086827045,0.5,0.2727272727272727,0.25806451612903225,19254.0,19308.5
2017-03-09,-0.0012666015271595554,0.75,0.2727272727272727,0.2903225806451613,19318.6,19343.1
2017-03-10,0.008223320493501973,1.0,0.2727272727272727,0.3225806451612903,19604.6,19444.7
2017-03-13,0.004507385256092058,0.0,0.2727272727272727,0.41935483870967744,19633.8,19545.7
2017-03-14,-0.0012630957049652536,0.25,0.2727272727272727,0.45161290322580644,19609.5,19634.3
2017-03-15,0.0024886321740200212,0.5,0.2727272727272727,0.4838709677419355,19577.4,19528.8
2017-03-16,0.006752763545354922,0.75,0.2727272727272727,0.5161290322580645,19590.1,19458.7
2017-03-17,0.0005484114008065794,1.0,0.2727272727272727,0.5483870967741935,19521.6,19510.9
2017-03-21,0.0020240412842620703,0.25,0.2727272727272727,0.6774193548387096,19455.9,19416.6
2017-03-22,-0.0054944481004458815,0.5,0.2727272727272727,0.7096774193548387,19041.4,19146.6
2017-03-23,0.0019161311998656086,0.75,0.2727272727272727,0.7419354838709677,19085.3,19048.8
2017-03-24,0.010290407682665264,1.0,0.2727272727272727,0.7741935483870968,19262.5,19066.3
2017-03-27,-0.004488443307185818,0.0,0.2727272727272727,0.8709677419354839,18985.6,19071.2
2017-03-28,0.0022861199116870267,0.25,0.2727272727272727,0.9032258064516129,19202.9,19159.1
2017-03-29,3.642646018071311e-05,0.5,0.2727272727272727,0.9354838709677419,19217.5,19216.8
2017-03-30,-0.004574221442446192,0.75,0.2727272727272727,0.967741935483871,19063.2,19150.8
2017-03-31,-0.013619955765138034,1.0,0.2727272727272727,1.0,18909.3,19170.4
2017-04-03,-0.00025279123657042724,0.0,0.36363636363636365,0.0967741935483871,18983.2,18988.0
2017-04-04,-0.006528008112476024,0.25,0.36363636363636365,0.12903225806451613,18810.2,18933.8
2017-04-05,-0.002084578878031049,0.5,0.36363636363636365,0.16129032258064516,18861.3,18900.7
2017-04-06,-0.00838736509832375,0.75,0.36363636363636365,0.1935483870967742,18597.1,18754.4
2017-04-07,-0.00269302698370299,1.0,0.36363636363636365,0.22580645161290322,18664.6,18715.0
2017-04-10,-0.00012233912405183308,0.0,0.36363636363636365,0.3225806451612903,18797.9,18800.2
2017-04-11,0.001618797281702938,0.25,0.36363636363636365,0.3548387096774194,18747.9,18717.6
2017-04-12,-0.0021245582801297327,0.5,0.36363636363636365,0.3870967741935484,18552.6,18592.1
2017-04-13,0.001908469581387177,0.75,0.36363636363636365,0.41935483870967744,18426.8,18391.7
2017-04-14,-0.01059254582638601,1.0,0.36363636363636365,0.45161290322580644,18335.6,18531.9
2017-04-17,0.006332306275288107,0.0,0.36363636363636365,0.5483870967741935,18355.3,18239.8
2017-04-18,-0.00426005817033761,0.25,0.36363636363636365,0.5806451612903226,18418.6,18497.4
2017-04-19,0.005723701800047004,0.5,0.36363636363636365,0.6129032258064516,18432.2,18327.3
2017-04-20,-0.0008619568045798343,0.75,0.36363636363636365,0.6451612903225806,18430.5,18446.4
2017-04-21,0.0015598274508116482,1.0,0.36363636363636365,0.6774193548387096,18620.8,18591.8
2017-04-24,-0.0007675856519713716,0.0,0.36363636363636365,0.7741935483870968,18875.9,18890.4
2017-04-25,0.010952385998749549,0.25,0.36363636363636365,0.8064516129032258,19079.3,18872.6
2017-04-26,0.00544699216571366,0.5,0.36363636363636365,0.8387096774193549,19289.4,19184.9
2017-04-27,0.002410755196401201,0.75,0.36363636363636365,0.8709677419354839,19251.9,19205.6
2017-04-28,-0.0022868190866236677,1.0,0.36363636363636365,0.9032258064516129,19196.7,19240.7
2017-05-01,0.008170617103477081,0.0,0.45454545454545453,0.03225806451612903,19310.5,19154.0
2017-05-02,0.0056889587653925116,0.25,0.45454545454545453,0.06451612903225806,19445.7,19335.7
2017-05-08,0.009472829671723616,0.0,0.45454545454545453,0.25806451612903225,19895.7,19709.0
2017-05-09,-0.003645383518447777,0.25,0.45454545454545453,0.2903225806451613,19843.0,19915.6
2017-05-10,0.000477612540597066,0.5,0.45454545454545453,0.3225806451612903,19900.1,19890.6
2017-05-11,0.0008874894077887018,0.75,0.45454545454545453,0.3548387096774194,19961.6,19943.9
2017-05-12,-0.0028934488707023052,1.0,0.45454545454545453,0.3870967741935484,19883.9,19941.6
2017-05-15,0.005887564229123916,0.0,0.45454545454545453,0.4838709677419355,19869.8,19753.5
2017-05-16,-0.001668913602397586,0.25,0.45454545454545453,0.5161290322580645,19919.8,19953.1
2017-05-17,0.00040895046145779135,0.5,0.45454545454545453,0.5483870967741935,19814.9,19806.8
2017-05-18,-0.00015851101907238046,0.75,0.45454545454545453,0.5806451612903226,19553.9,19557.0
2017-05-19,-3.0625682697621544e-05,1.0,0.45454545454545453,0.6129032258064516,19590.8,19591.4
2017-05-22,0.00039653287918452873,0.0,0.45454545454545453,0.7096774193548387,19678.3,19670.5
2017-05-23,-0.0017508410653665036,0.25,0.45454545454545453,0.7419354838709677,19613.3,19647.7
2017-05-24,-0.0017494539276756806,0.5,0.45454545454545453,0.7741935483870968,19743.0,19777.6
2017-05-25,0.0038455302677177015,0.75,0.45454545454545453,0.8064516129032258,19813.1,19737.2
2017-05-26,-0.00564184155365309,1.0,0.45454545454545453,0.8387096774193549,19686.8,19798.5
2017-05-29,-0.0007412221026339878,0.0,0.45454545454545453,0.9354838709677419,19682.6,19697.2
2017-05-30,-0.00016767355483175597,0.25,0.45454545454545453,0.967741935483871,19677.8,19681.1
2017-05-31,0.001034115627371934,0.5,0.45454545454545453,1.0,19650.6,19630.3
2017-06-01,0.008521140349986252,0.75,0.5454545454545454,0.03225806451612903,19860.0,19692.2
2017-06-02,0.010370451973440355,1.0,0.5454545454545454,0.06451612903225806,20177.3,19970.2
2017-06-05,0.0017580976787149902,0.0,0.5454545454545454,0.16129032258064516,20170.8,20135.4
2017-06-06,-0.007076725821600801,0.25,0.5454545454545454,0.1935483870967742,19979.9,20122.3
2017-06-07,0.0016489822922356398,0.5,0.5454545454545454,0.22580645161290322,19984.6,19951.7
2017-06-08,-0.006933256186310062,0.75,0.5454545454545454,0.25806451612903225,19909.3,20048.3
2017-06-09,0.0030170750409711142,1.0,0.5454545454545454,0.2903225806451613,20013.3,19953.1
2017-06-12,-0.0006124252038071126,0.0,0.5454545454545454,0.3870967741935484,19908.6,19920.8
2017-06-13,0.0019637659996576,0.25,0.5454545454545454,0.41935483870967744,19898.8,19859.8
2017-06-14,-0.0045607922061016775,0.5,0.5454545454545454,0.45161290322580644,19883.5,19974.6
2017-06-15,0.0008225883777850304,0.75,0.5454545454545454,0.4838709677419355,19831.8,19815.5
2017-06-16,0.0006070883840410282,1.0,0.5454545454545454,0.5161290322580645,19943.3,19931.2
2017-06-19,0.0046810151044091655,0.0,0.5454545454545454,0.6129032258064516,20067.8,19974.3
2017-06-20,-0.0001828596280534884,0.25,0.5454545454545454,0.6451612903225806,20230.4,20234.1
2017-06-21,-0.0026445855330276768,0.5,0.5454545454545454,0.6774193548387096,20138.8,20192.2
2017-06-22,-0.002178184416306189,0.75,0.5454545454545454,0.7096774193548387,20110.5,20154.4
2017-06-23,-0.0009874656371881452,1.0,0.5454545454545454,0.7419354838709677,20132.7,20152.6
2017-06-26,0.0010182388937455297,0.0,0.5454545454545454,0.8387096774193549,20153.3,20132.8
2017-06-27,-0.00019773494619137775,0.25,0.5454545454545454,0.8709677419354839,20225.1,20229.1
2017-06-28,-0.0009330395251424012,0.5,0.5454545454545454,0.9032258064516129,20130.4,20149.2
2017-06-29,-0.0020038596508547093,0.75,0.5454545454545454,0.9354838709677419,20220.3,20260.9
2017-06-30,0.0003895014381593016,1.0,0.5454545454545454,0.967741935483871,20033.4,20025.6
2017-07-03,-2.492982254952309e-05,0.0,0.6363636363636364,0.0967741935483871,20055.8,20056.3
2017-07-04,-0.007923812542404778,0.25,0.6363636363636364,0.12903225806451613,20032.3,20192.3
2017-07-05,0.0033224915189032284,0.5,0.6363636363636364,0.16129032258064516,20081.6,20015.1
2017-07-06,-0.003369604769286859,0.75,0.6363636363636364,0.1935483870967742,19994.1,20061.7
2017-07-07,0.0036461244819127963,1.0,0.6363636363636364,0.22580645161290322,19929.1,19856.7
2017-07-10,0.0005281409438774785,0.0,0.6363636363636364,0.3225806451612903,20081.0,20070.4
2017-07-11,0.0060576171047977,0.25,0.6363636363636364,0.3548387096774194,20195.5,20073.9
2017-07-12,-0.0019267822736030464,0.5,0.6363636363636364,0.3870967741935484,20098.4,20137.2
2017-07-13,-0.0038409499784411204,0.75,0.6363636363636364,0.41935483870967744,20099.8,20177.3
2017-07-14,-0.0019347253434137484,1.0,0.6363636363636364,0.45161290322580644,20118.9,20157.9
2017-07-18,-0.00371119435699199,0.25,0.6363636363636364,0.5806451612903226,19999.9,20074.4
2017-07-19,0.002508662647465409,0.5,0.6363636363636364,0.6129032258064516,20020.9,19970.8
2017-07-20,0.004873571474891234,0.75,0.6363636363636364,0.6451612903225806,20144.6,20046.9
2017-07-21,0.0004927849317317565,1.0,0.6363636363636364,0.6774193548387096,20099.8,20089.9
2017-07-24,0.00010013167315019251,0.0,0.6363636363636364,0.7741935483870968,19975.7,19973.7
2017-07-25,-0.0012212456705838865,0.25,0.6363636363636364,0.8064516129032258,19955.2,19979.6
2017-07-26,-0.002383309865111519,0.5,0.6363636363636364,0.8387096774193549,20050.2,20098.1
2017-07-27,0.002646480181358793,0.75,0.6363636363636364,0.8709677419354839,20079.6,20026.6
2017-07-28,-0.0044242711424795226,1.0,0.6363636363636364,0.9032258064516129,19959.8,20048.5
2017-07-31,-0.00041136986163929515,0.0,0.6363636363636364,1.0,19925.2,19933.4
2017-08-01,0.003953363372867004,0.25,0.7272727272727273,0.03225806451612903,19985.8,19907.1
2017-08-02,0.001141740331354057,0.5,0.7272727272727273,0.06451612903225806,20080.0,20057.1
2017-08-03,-0.0018289644174225423,0.75,0.7272727272727273,0.0967741935483871,20029.3,20066.0
2017-08-04,0.00012531453949413024,1.0,0.7272727272727273,0.12903225806451613,19952.3,19949.8
2017-08-07,-0.00016949744009002395,0.0,0.7272727272727273,0.22580645161290322,20055.9,20059.3
2017-08-08,-0.003324577449695241,0.25,0.7272727272727273,0.25806451612903225,19996.0,20062.7
2017-08-09,-0.009548898589994444,0.5,0.7272727272727273,0.2903225806451613,19738.7,19929.0
2017-08-10,-0.003167882621612373,0.75,0.7272727272727273,0.3225806451612903,19729.7,19792.4
2017-08-14,-0.0004348804846103472,0.0,0.7272727272727273,0.45161290322580644,19537.1,19545.6
2017-08-15,0.0032454010787529236,0.25,0.7272727272727273,0.4838709677419355,19753.3,19689.4
2017-08-16,-0.001078448249673391,0.5,0.7272727272727273,0.5161290322580645,19729.3,19750.6
2017-08-17,-0.0002638549203868888,0.75,0.7272727272727273,0.5483870967741935,19702.6,19707.8
2017-08-18,-4.622187527272536e-05,1.0,0.7272727272727273,0.5806451612903226,19470.4,19471.3
2017-08-21,-0.0059663240985161825,0.0,0.7272727272727273,0.6774193548387096,19393.1,19509.5
2017-08-22,0.0005523122267474346,0.25,0.7272727272727273,0.7096774193548387,19383.8,19373.1
2017-08-23,-0.005755329435056863,0.5,0.7272727272727273,0.7419354838709677,19434.6,19547.1
2017-08-24,-0.0006506113681428754,0.75,0.7272727272727273,0.7741935483870968,19353.8,19366.4
2017-08-25,0.002654488663013953,1.0,0.7272727272727273,0.8064516129032258,19452.6,19401.1
2017-08-28,-0.002681748725784746,0.0,0.7272727272727273,0.9032258064516129,19449.9,19502.2
2017-08-29,0.002251657685917046,0.25,0.7272727272727273,0.9354838709677419,19362.6,19319.1
2017-08-30,0.0013089677121297676,0.5,0.7272727272727273,0.967741935483871,19506.5,19481.0
2017-08-31,0.002802264270364981,0.75,0.7272727272727273,1.0,19646.2,19591.3
2017-09-01,-0.0021334171159848453,1.0,0.8181818181818182,0.03225806451612903,19691.5,19733.6
2017-09-04,-0.00549551386623161,0.0,0.8181818181818182,0.12903225806451613,19508.2,19616.0
2017-09-05,-0.007556288203794638,0.25,0.8181818181818182,0.16129032258064516,19385.8,19533.4
2017-09-06,0.0037280735866764905,0.5,0.8181818181818182,0.1935483870967742,19358.0,19286.1
2017-09-07,-0.0018987928000247746,0.75,0.8181818181818182,0.22580645161290322,19396.5,19433.4
2017-09-08,-0.0012021971188724595,1.0,0.8181818181818182,0.25806451612903225,19274.8,19298.0
2017-09-11,0.0053699836431531575,0.0,0.8181818181818182,0.3548387096774194,19545.8,19441.4
2017-09-12,0.002052077158101145,0.25,0.8181818181818182,0.3870967741935484,19776.6,19736.1
2017-09-13,-0.0003975102774018656,0.5,0.8181818181818182,0.41935483870967744,19865.8,19873.7
2017-09-14,-0.002668627016575698,0.75,0.8181818181818182,0.45161290322580644,19807.4,19860.4
2017-09-15,0.0058452646788388655,1.0,0.8181818181818182,0.4838709677419355,19909.5,19793.8
2017-09-19,0.008505479874007647,0.25,0.8181818181818182,0.6129032258064516,20299.4,20128.2
2017-09-20,0.00045317294951558406,0.5,0.8181818181818182,0.6451612903225806,20310.5,20301.3
2017-09-21,-0.005328379732603329,0.75,0.8181818181818182,0.6774193548387096,20347.5,20456.5
2017-09-22,-0.005741270525531857,1.0,0.8181818181818182,0.7096774193548387,20296.4,20413.6
2017-09-25,-0.002045069816139559,0.0,0.8181818181818182,0.8064516129032258,20397.6,20439.4
2017-09-26,-0.0009386072248184727,0.25,0.8181818181818182,0.8387096774193549,20330.2,20349.3
2017-09-27,-0.00013320309031173113,0.5,0.8181818181818182,0.8709677419354839,20267.1,20269.8
2017-09-28,-0.0017403155118488525,0.75,0.8181818181818182,0.9032258064516129,20363.1,20398.6
2017-09-29,0.0020181833396504113,1.0,0.8181818181818182,0.9354838709677419,20356.3,20315.3
2017-10-02,1.4705521923446604e-05,0.0,0.9090909090909091,0.06451612903225806,20400.8,20400.5
2017-10-03,0.00678381651949665,0.25,0.9090909090909091,0.0967741935483871,20614.1,20475.2
2017-10-04,-0.001650468520095957,0.5,0.9090909090909091,0.12903225806451613,20626.7,20660.8
2017-10-05,-0.0010701816403319105,0.75,0.9090909090909091,0.16129032258064516,20628.6,20650.7
2017-10-06,-0.0012598470806301427,1.0,0.9090909090909091,0.1935483870967742,20690.7,20716.8
2017-10-10,0.006914726433113319,0.25,0.9090909090909091,0.3225806451612903,20823.5,20680.5
2017-10-11,0.003730105702350954,0.5,0.9090909090909091,0.3548387096774194,20881.3,20803.7
2017-10-12,-0.00016699907434798792,0.75,0.9090909090909091,0.3870967741935484,20954.7,20958.2
2017-10-13,0.009327423579535966,1.0,0.9090909090909091,0.41935483870967744,21155.2,20959.7
2017-10-16,0.0016163006036387627,0.0,0.9090909090909091,0.5161290322580645,21255.6,21221.3
2017-10-17,-0.0007540206629762826,0.25,0.9090909090909091,0.5483870967741935,21336.1,21352.2
2017-10-18,-0.000542697675289112,0.5,0.9090909090909091,0.5806451612903226,21363.1,21374.7
2017-10-19,-6.993006993006993e-05,0.75,0.9090909090909091,0.6129032258064516,21448.5,21450.0
2017-10-20,0.003118148371503634,1.0,0.9090909090909091,0.6451612903225806,21457.6,21390.9
2017-10-23,-0.0005803964199674124,0.0,0.9090909090909091,0.7419354838709677,21696.7,21709.3
2017-10-24,0.006239040147669623,0.25,0.9090909090909091,0.7741935483870968,21805.2,21670.0
2017-10-25,-0.008789914201305017,0.5,0.9090909090909091,0.8064516129032258,21707.6,21900.1
2017-10-26,0.0018848881740548048,0.75,0.9090909090909091,0.8387096774193549,21739.8,21698.9
2017-10-27,0.004798363716882944,1.0,0.9090909090909091,0.8709677419354839,22008.4,21903.3
2017-10-30,-0.0016418797255067705,0.0,0.9090909090909091,0.967741935483871,22011.7,22047.9
2017-10-31,0.0052198216218437565,0.25,0.9090909090909091,1.0,22011.6,21897.3
2017-11-01,0.012427240583610541,0.5,1.0,0.03225806451612903,22420.1,22144.9
2017-11-02,0.0011949076500740849,0.75,1.0,0.06451612903225806,22539.1,22512.2
2017-11-06,-0.00286118604342638,0.0,1.0,0.1935483870967742,22548.3,22613.0
2017-11-07,0.0185977938433664,0.25,1.0,0.22580645161290322,22937.6,22518.8
2017-11-08,0.002796511144468808,0.5,1.0,0.25806451612903225,22913.8,22849.9
2017-11-09,-0.0052502457654397565,0.75,1.0,0.2903225806451613,22868.7,22989.4
2017-11-10,0.004459560598210008,1.0,1.0,0.3225806451612903,22681.4,22580.7
2017-11-13,-0.010023178046320642,0.0,1.0,0.41935483870967744,22381.0,22607.6
2017-11-14,0.0016604827484345607,0.25,1.0,0.45161290322580644,22380.0,22342.9
2017-11-15,-0.010008538942070051,0.5,1.0,0.4838709677419355,22028.3,22251.0
2017-11-16,0.017105646364993166,0.75,1.0,0.5161290322580645,22351.1,21975.2
2017-11-17,-0.009135834148111116,1.0,1.0,0.5483870967741935,22396.8,22603.3
2017-11-20,-0.0008168761220826179,0.0,1.0,0.6451612903225806,22261.8,22280.0
2017-11-21,-0.0017945566598980831,0.25,1.0,0.6774193548387096,22416.5,22456.8
2017-11-22,-0.003468780971258576,0.5,1.0,0.7096774193548387,22523.2,22601.6
2017-11-24,0.007177279243951602,1.0,1.0,0.7741935483870968,22550.8,22390.1
2017-11-27,-0.0071103539287904706,0.0,1.0,0.8709677419354839,22496.0,22657.1
2017-11-28,0.0005116864741242375,0.25,1.0,0.9032258064516129,22486.2,22474.7
2017-11-29,-0.0007429026266913978,0.5,1.0,0.9354838709677419,22597.2,22614.0
2017-11-30,0.005450893291684766,0.75,1.0,0.967741935483871,22725.0,22601.8
2017-12-01,-0.0042719565037156616,1.0,1.0909090909090908,0.03225806451612903,22819.0,22916.9
2017-12-04,-0.00596668636592463,0.0,1.0909090909090908,0.12903225806451613,22707.2,22843.5
2017-12-05,0.001199364469602182,0.25,1.0909090909090908,0.16129032258064516,22622.4,22595.3
2017-12-06,-0.015466983938132128,0.5,1.0909090909090908,0.1935483870967742,22177.0,22525.4
2017-12-07,0.008101374724427762,0.75,1.0909090909090908,0.22580645161290322,22498.0,22317.2
2017-12-08,0.008096199824110813,1.0,1.0909090909090908,0.25806451612903225,22811.1,22627.9
2017-12-11,0.0019393473484667124,0.0,1.0909090909090908,0.3548387096774194,22938.7,22894.3
2017-12-12,-0.003060637240369052,0.25,1.0909090909090908,0.3870967741935484,22866.2,22936.4
2017-12-13,-0.00529736486693215,0.5,1.0909090909090908,0.41935483870967744,22758.1,22879.3
2017-12-14,-0.00021586568748806423,0.75,1.0909090909090908,0.45161290322580644,22694.4,22699.3
2017-12-15,-0.003014844350924378,1.0,1.0909090909090908,0.4838709677419355,22553.2,22621.4
2017-12-18,0.0057706496152899285,0.0,1.0909090909090908,0.5806451612903226,22901.8,22770.4
2017-12-19,-0.004072033621496853,0.25,1.0909090909090908,0.6129032258064516,22868.0,22961.5
2017-12-20,0.0024874205711432613,0.5,1.0909090909090908,0.6451612903225806,22891.7,22834.9
2017-12-21,0.0006170138281112612,0.75,1.0909090909090908,0.6774193548387096,22866.1,22852.0
2017-12-22,0.002280017679983481,1.0,1.0909090909090908,0.7096774193548387,22902.8,22850.7
2017-12-25,0.0013007761006398801,0.0,1.0909090909090908,0.8064516129032258,22939.2,22909.4
2017-12-26,-0.001317459832743707,0.25,1.0909090909090908,0.8387096774193549,22892.7,22922.9
2017-12-27,0.0024852982357882625,0.5,1.0909090909090908,0.8709677419354839,22911.2,22854.4
2017-12-28,-0.005590932302145964,0.75,1.0909090909090908,0.9032258064516129,22784.0,22912.1
2017-12-29,-0.0029170225346560035,1.0,1.0909090909090908,0.9354838709677419,22764.9,22831.5
2018-01-04,0.018748618557058404,0.75,0.09090909090909091,0.12903225806451613,23506.3,23073.7
2018-01-05,0.003024150911474855,1.0,0.09090909090909091,0.16129032258064516,23714.5,23643.0
2018-01-09,-0.0041337842916196925,0.25,0.09090909090909091,0.2903225806451613,23850.0,23949.0
2018-01-10,-0.0018713705481520652,0.5,0.09090909090909091,0.3225806451612903,23788.2,23832.8
2018-01-11,0.0022826803740214068,0.75,0.09090909090909091,0.3548387096774194,23710.4,23656.4
2018-01-12,-0.002778281344199187,1.0,0.09090909090909091,0.3870967741935484,23653.8,23719.7
2018-01-15,-0.004746516703038381,0.0,0.09090909090909091,0.4838709677419355,23714.9,23828.0
2018-01-16,0.009721261993490993,0.25,0.09090909090909091,0.5161290322580645,23951.8,23721.2
2018-01-17,0.0035697166931556385,0.5,0.09090909090909091,0.5483870967741935,23868.3,23783.4
2018-01-18,-0.013102758016354566,0.75,0.09090909090909091,0.5806451612903226,23763.4,24078.9
2018-01-19,-0.0019283896688619567,1.0,0.09090909090909091,0.6129032258064516,23808.1,23854.1
2018-01-22,0.0007773827832824883,0.0,0.09090909090909091,0.7096774193548387,23816.3,23797.8
2018-01-23,0.008351306615839866,0.25,0.09090909090909091,0.7419354838709677,24124.2,23924.4
2018-01-24,-0.0035627476442580725,0.5,0.09090909090909091,0.7741935483870968,23940.8,24026.4
2018-01-25,-0.0034188466024159593,0.75,0.09090909090909091,0.8064516129032258,23669.5,23750.7
2018-01-26,-0.005278377593413301,1.0,0.09090909090909091,0.8387096774193549,23631.9,23757.3
2018-01-29,-0.0032817172914443053,0.0,0.09090909090909091,0.9354838709677419,23629.3,23707.1
2018-01-30,-0.011345837949344814,0.25,0.09090909090909091,0.967741935483871,23292.0,23559.3
2018-01-31,-0.0046067260786376105,0.5,0.09090909090909091,1.0,23098.3,23205.2
2018-02-01,0.009022129996004486,0.75,0.18181818181818182,0.03225806451612903,23486.1,23276.1
2018-02-02,-0.0037326050758292725,1.0,0.18181818181818182,0.06451612903225806,23274.5,23361.7
2018-02-05,-0.010431391026647916,0.0,0.18181818181818182,0.16129032258064516,22682.1,22921.2
2018-02-06,-0.02949656442268825,0.25,0.18181818181818182,0.1935483870967742,21610.2,22267.0
2018-02-07,-0.01617631685400398,0.5,0.18181818181818182,0.22580645161290322,21645.4,22001.3
2018-02-08,0.007794085150265308,0.75,0.18181818181818182,0.25806451612903225,21890.9,21721.6
2018-02-09,-0.005816521524849341,1.0,0.18181818181818182,0.2903225806451613,21382.6,21507.7
2018-02-13,-0.017963047708856192,0.25,0.18181818181818182,0.41935483870967744,21244.7,21633.3
2018-02-14,-0.004564448125282337,0.5,0.18181818181818182,0.45161290322580644,21154.2,21251.2
2018-02-15,0.0037831847026529733,0.75,0.18181818181818182,0.4838709677419355,21465.0,21384.1
2018-02-16,0.007617368714047167,1.0,0.18181818181818182,0.5161290322580645,21720.2,21556.0
2018-02-19,0.011208152047370992,0.0,0.18181818181818182,0.6129032258064516,22149.2,21903.7
2018-02-20,-0.005858268002158343,0.25,0.18181818181818182,0.6451612903225806,21925.1,22054.3
2018-02-21,0.0012942977978706895,0.5,0.18181818181818182,0.6774193548387096,21970.8,21942.4
2018-02-22,-0.002455265971849343,0.75,0.18181818181818182,0.7096774193548387,21736.4,21789.9
2018-02-23,0.004731593367508434,1.0,0.18181818181818182,0.7419354838709677,21892.8,21789.7
2018-02-26,0.0008583846105192776,0.0,0.18181818181818182,0.8387096774193549,22153.6,22134.6
2018-02-27,-8.038692908529822e-05,0.25,0.18181818181818182,0.8709677419354839,22389.9,22391.7
2018-02-28,-0.010061679937198576,0.5,0.18181818181818182,0.9032258064516129,22068.2,22292.5
2018-03-01,-0.008063521923556286,0.75,0.2727272727272727,0.03225806451612903,21724.5,21901.1
2018-03-02,-0.0074226804123712015,1.0,0.2727272727272727,0.06451612903225806,21181.6,21340.0
2018-03-05,-0.0002708121513887783,0.0,0.2727272727272727,0.16129032258064516,21042.1,21047.8
2018-03-06,0.0012903105160306375,0.25,0.2727272727272727,0.1935483870967742,21417.8,21390.2
2018-03-07,-0.00043740005643868267,0.5,0.2727272727272727,0.22580645161290322,21252.7,21262.0
2018-03-08,-0.005589114025372165,0.75,0.2727272727272727,0.25806451612903225,21368.1,21488.2
2018-03-09,-0.005788591381018978,1.0,0.2727272727272727,0.2903225806451613,21469.2,21594.2
2018-03-12,-9.621508194311146e-05,0.0,0.2727272727272727,0.3870967741935484,21824.0,21826.1
2018-03-13,0.010380638751931577,0.25,0.2727272727272727,0.41935483870967744,21968.1,21742.4
2018-03-14,0.0005651274982770169,0.5,0.2727272727272727,0.45161290322580644,21777.3,21765.0
2018-03-15,0.004598209554876863,0.75,0.2727272727272727,0.4838709677419355,21803.9,21704.1
2018-03-16,-0.009142230247068771,1.0,0.2727272727272727,0.5161290322580645,21676.5,21876.5
2018-03-19,-0.0026464975694009164,0.0,0.2727272727272727,0.6129032258064516,21480.9,21537.9
2018-03-20,0.003897079537984787,0.25,0.2727272727272727,0.6451612903225806,21381.0,21298.0
2018-03-22,0.011230692856005435,0.75,0.2727272727272727,0.7096774193548387,21592.0,21352.2
2018-03-23,-0.02694347957411453,1.0,0.2727272727272727,0.7419354838709677,20617.9,21188.8
2018-03-26,0.016779772222058866,0.0,0.2727272727272727,0.8387096774193549,20766.1,20423.4
2018-03-27,0.01710013407192161,0.25,0.2727272727272727,0.8709677419354839,21317.3,20958.9
2018-03-28,0.006614623966764183,0.5,0.2727272727272727,0.9032258064516129,21031.3,20893.1
2018-03-29,-0.004324502376358828,0.75,0.2727272727272727,0.9354838709677419,21159.1,21251.0
2018-03-30,0.0028935509807220235,1.0,0.2727272727272727,0.967741935483871,21454.3,21392.4
2018-04-02,-0.0024718304604134022,0.0,0.36363636363636365,0.06451612903225806,21388.6,21441.6
2018-04-03,0.008372996140276066,0.25,0.36363636363636365,0.0967741935483871,21292.3,21115.5
2018-04-04,-0.0044920105716340615,0.5,0.36363636363636365,0.12903225806451613,21319.6,21415.8
2018-04-05,0.004837242122073085,0.75,0.36363636363636365,0.16129032258064516,21645.4,21541.2
2018-04-06,-0.0030600405848283337,1.0,0.36363636363636365,0.1935483870967742,21567.5,21633.7
2018-04-09,0.006687006310862206,0.0,0.36363636363636365,0.2903225806451613,21678.3,21534.3
2018-04-10,0.009009384389597936,0.25,0.36363636363636365,0.3225806451612903,21794.3,21599.7
2018-04-11,-0.006049745406547475,0.5,0.36363636363636365,0.3548387096774194,21687.1,21819.1
2018-04-12,0.00011081406784581223,0.75,0.36363636363636365,0.3870967741935484,21660.3,21657.9
2018-04-13,-0.0010412175364885156,1.0,0.36363636363636365,0.41935483870967744,21778.7,21801.4
2018-04-16,-0.0003708179970333895,0.0,0.36363636363636365,0.5161290322580645,21835.5,21843.6
2018-04-17,0.002100743975268064,0.25,0.36363636363636365,0.5483870967741935,21847.6,21801.8
2018-04-18,0.01045191299192853,0.5,0.36363636363636365,0.5806451612903226,22158.2,21929.0
2018-04-19,-0.00183070272896157,0.75,0.36363636363636365,0.6129032258064516,22191.2,22231.9
2018-04-20,0.0006321055435656171,1.0,0.36363636363636365,0.6451612903225806,22162.2,22148.2
2018-04-23,-0.003154631079660141,0.0,0.36363636363636365,0.7419354838709677,22088.0,22157.9
2018-04-24,0.002217843518318545,0.25,0.36363636363636365,0.7741935483870968,22278.1,22228.8
2018-04-25,0.004371886104907215,0.5,0.36363636363636365,0.8064516129032258,22215.3,22118.6
2018-04-26,0.0018313374149415266,0.75,0.36363636363636365,0.8387096774193549,22319.6,22278.8
2018-04-27,5.3412383661184226e-05,1.0,0.36363636363636365,0.8709677419354839,22467.9,22466.7
2018-05-01,0.0024317029937558922,0.25,0.45454545454545453,0.03225806451612903,22508.0,22453.4
2018-05-02,-0.0042271869267376866,0.5,0.45454545454545453,0.06451612903225806,22472.8,22568.2
2018-05-07,-0.0020432457402768155,0.0,0.45454545454545453,0.22580645161290322,22467.2,22513.2
2018-05-08,0.003030208505082283,0.25,0.45454545454545453,0.25806451612903225,22508.7,22440.7
2018-05-09,-0.002408404932555693,0.5,0.45454545454545453,0.2903225806451613,22408.9,22463.0
2018-05-10,0.0006538418770154887,0.75,0.45454545454545453,0.3225806451612903,22497.2,22482.5
2018-05-11,0.008177585618789776,1.0,0.45454545454545453,0.3548387096774194,22758.5,22573.9
2018-05-14,0.0070732384068918795,0.0,0.45454545454545453,0.45161290322580644,22865.9,22705.3
2018-05-15,-0.0031237030079294,0.25,0.45454545454545453,0.4838709677419355,22818.0,22889.5
2018-05-16,-0.0005675293993426258,0.5,0.45454545454545453,0.5161290322580645,22717.2,22730.1
2018-05-17,0.0007799970202362301,0.75,0.45454545454545453,0.5483870967741935,22838.4,22820.6
2018-05-18,0.0010127820074038174,1.0,0.45454545454545453,0.5806451612903226,22930.4,22907.2
2018-05-21,0.002825055803571556,0.0,0.45454545454545453,0.6774193548387096,23002.4,22937.6
2018-05-22,-0.00284896572989556,0.25,0.45454545454545453,0.7096774193548387,22960.3,23025.9
2018-05-23,-0.007831630868257125,0.5,0.45454545454545453,0.7419354838709677,22689.7,22868.8
2018-05-24,-0.008147188711524063,0.75,0.45454545454545453,0.7741935483870968,22437.0,22621.3
2018-05-25,0.0031545741324920484,1.0,0.45454545454545453,0.8064516129032258,22450.8,22380.2
2018-05-28,-0.0003468377733016248,0.0,0.45454545454545453,0.9032258064516129,22481.1,22488.9
2018-05-29,-0.0032765837936153427,0.25,0.45454545454545453,0.9354838709677419,22358.4,22431.9
2018-05-30,-0.0015191365862506805,0.5,0.45454545454545453,0.967741935483871,22018.5,22052.0
2018-05-31,0.001732586155553652,0.75,0.45454545454545453,1.0,22201.8,22163.4
2018-06-01,0.002038307526823338,1.0,0.5454545454545454,0.03225806451612903,22171.3,22126.2
2018-06-04,0.004954147309871313,0.0,0.5454545454545454,0.12903225806451613,22475.9,22365.1
2018-06-05,-0.0005631379643671451,0.25,0.5454545454545454,0.16129032258064516,22539.5,22552.2
2018-06-06,0.004680221844291659,0.5,0.5454545454545454,0.1935483870967742,22625.7,22520.3
2018-06-07,0.0032793082681647104,0.75,0.5454545454545454,0.22580645161290322,22823.3,22748.7
2018-06-08,-0.004600998271884411,1.0,0.5454545454545454,0.25806451612903225,22694.5,22799.4
2018-06-11,0.005161569011191415,0.0,0.5454545454545454,0.3548387096774194,22804.0,22686.9
2018-06-12,-0.004304266838431204,0.25,0.5454545454545454,0.3870967741935484,22878.3,22977.2
2018-06-13,0.003066010953782756,0.5,0.5454545454545454,0.41935483870967744,22966.4,22896.2
2018-06-14,-0.004570327890382238,0.75,0.5454545454545454,0.45161290322580644,22738.6,22843.0
2018-06-15,-0.00137218570829261,1.0,0.5454545454545454,0.4838709677419355,22851.8,22883.2
2018-06-18,-0.005537870616400485,0.0,0.5454545454545454,0.5806451612903226,22680.3,22806.6
2018-06-19,-0.012736030913901127,0.25,0.5454545454545454,0.6129032258064516,22278.5,22565.9
2018-06-20,0.009709694026008974,0.5,0.5454545454545454,0.6451612903225806,22555.4,22338.5
2018-06-21,0.007534419911824676,0.75,0.5454545454545454,0.6774193548387096,22693.0,22523.3
2018-06-22,0.002689656400847768,1.0,0.5454545454545454,0.7096774193548387,22516.8,22456.4
2018-06-25,-0.009111233343387828,0.0,0.5454545454545454,0.8064516129032258,22338.2,22543.6
2018-06-26,0.008199347481757952,0.25,0.5454545454545454,0.8387096774193549,22342.0,22160.3
2018-06-27,-0.002199732089655981,0.5,0.5454545454545454,0.8709677419354839,22271.8,22320.9
2018-06-28,0.0033881199538639308,0.75,0.5454545454545454,0.9032258064516129,22270.4,22195.2
2018-06-29,-0.000448139102377378,1.0,0.5454545454545454,0.9354838709677419,22304.5,22314.5
2018-07-02,-0.01897561370525946,0.0,0.6363636363636364,0.06451612903225806,21811.9,22233.8
2018-07-03,-0.0047329492761236675,0.25,0.6363636363636364,0.0967741935483871,21785.5,21889.1
2018-07-04,0.0017528483786152498,0.5,0.6363636363636364,0.12903225806451613,21717.0,21679.0
2018-07-05,-0.006931706103035454,0.75,0.6363636363636364,0.16129032258064516,21547.0,21697.4
2018-07-06,0.006485677462270718,1.0,0.6363636363636364,0.1935483870967742,21788.1,21647.7
2018-07-09,0.009785470613824242,0.0,0.6363636363636364,0.2903225806451613,22052.2,21838.5
2018-07-10,-0.0008282580023676393,0.25,0.6363636363636364,0.3225806451612903,22196.9,22215.3
2018-07-11,-0.003176969471095842,0.5,0.6363636363636364,0.3548387096774194,21932.2,22002.1
2018-07-12,0.006856681293648314,0.75,0.6363636363636364,0.3870967741935484,22188.0,22036.9
2018-07-13,0.008916133871486263,1.0,0.6363636363636364,0.41935483870967744,22597.3,22397.6
2018-07-17,0.004056499024582327,0.25,0.6363636363636364,0.5483870967741935,22697.4,22605.7
2018-07-18,-0.0053801679938911,0.5,0.6363636363636364,0.5806451612903226,22794.2,22917.5
2018-07-19,-0.004673918746392811,0.75,0.6363636363636364,0.6129032258064516,22764.7,22871.6
2018-07-20,-0.0016142795562709305,1.0,0.6363636363636364,0.6451612903225806,22697.9,22734.6
2018-07-23,-0.0037054665640582772,0.0,0.6363636363636364,0.7419354838709677,22397.0,22480.3
2018-07-24,-0.001977379838706037,0.25,0.6363636363636364,0.7741935483870968,22510.5,22555.1
2018-07-25,0.0008807531102977943,0.5,0.6363636363636364,0.8064516129032258,22614.2,22594.3
2018-07-26,-0.005490586308318089,0.75,0.6363636363636364,0.8387096774193549,22586.9,22711.6
2018-07-27,0.002927604707129105,1.0,0.6363636363636364,0.8709677419354839,22712.8,22646.5
2018-07-30,-0.0030291907859533998,0.0,0.6363636363636364,0.967741935483871,22544.8,22613.3
2018-07-31,0.003631169316619372,0.25,0.6363636363636364,1.0,22553.7,22472.1
2018-08-01,0.004615275900751694,0.5,0.7272727272727273,0.03225806451612903,22746.7,22642.2
2018-08-02,-0.007240912478447072,0.75,0.7272727272727273,0.06451612903225806,22512.5,22676.7
2018-08-03,-0.002669854552699709,1.0,0.7272727272727273,0.0967741935483871,22525.2,22585.5
2018-08-06,-0.001277949600862584,0.0,0.7272727272727273,0.1935483870967742,22507.3,22536.1
2018-08-07,0.006591366376036629,0.25,0.7272727272727273,0.22580645161290322,22662.7,22514.3
2018-08-08,-0.0009838264230188592,0.5,0.7272727272727273,0.25806451612903225,22644.3,22666.6
2018-08-09,0.0003054246065998918,0.75,0.7272727272727273,0.2903225806451613,22598.4,22591.5
2018-08-10,-0.013659546421667848,1.0,0.7272727272727273,0.3225806451612903,22298.1,22606.9
2018-08-13,-0.011764386732737598,0.0,0.7272727272727273,0.41935483870967744,21857.4,22117.6
2018-08-14,0.013739564959121394,0.25,0.7272727272727273,0.45161290322580644,22356.1,22053.1
2018-08-15,-0.00732739928737791,0.5,0.7272727272727273,0.4838709677419355,22204.2,22368.1
2018-08-16,0.009608385500072824,0.75,0.7272727272727273,0.5161290322580645,22192.0,21980.8
2018-08-17,-0.0019181471057490309,1.0,0.7272727272727273,0.5483870967741935,22270.4,22313.2
2018-08-20,-0.003058323715256973,0.0,0.7272727272727273,0.6451612903225806,22199.0,22267.1
2018-08-21,0.004938829967662456,0.25,0.7272727272727273,0.6774193548387096,22219.7,22110.5
2018-08-22,0.0041580601706330735,0.5,0.7272727272727273,0.7096774193548387,22362.6,22270.0
2018-08-23,-0.00044155624043858816,0.75,0.7272727272727273,0.7419354838709677,22410.8,22420.7
2018-08-24,0.005239281266678495,1.0,0.7272727272727273,0.7741935483870968,22601.8,22484.0
2018-08-27,0.004666493343967613,0.0,0.7272727272727273,0.8709677419354839,22799.6,22693.7
2018-08-28,-0.006713776303243282,0.25,0.7272727272727273,0.9032258064516129,22813.5,22967.7
2018-08-29,0.0011962718385339435,0.5,0.7272727272727273,0.9354838709677419,22848.2,22820.9
2018-08-30,-0.006546424444618237,0.75,0.7272727272727273,0.967741935483871,22869.5,23020.2
2018-08-31,0.005806485668537646,1.0,0.7272727272727273,1.0,22865.2,22733.2
2018-09-03,-0.004899382975739696,0.0,0.8181818181818182,0.0967741935483871,22707.4,22819.2
2018-09-04,-0.0018997277936331452,0.25,0.8181818181818182,0.12903225806451613,22696.9,22740.1
2018-09-05,-0.003662227869995323,0.5,0.8181818181818182,0.16129032258064516,22580.8,22663.8
2018-09-06,0.001286789260430182,0.75,0.8181818181818182,0.1935483870967742,22487.9,22459.0
2018-09-07,-0.0019998389391458734,1.0,0.8181818181818182,0.22580645161290322,22307.1,22351.8
2018-09-10,0.0053653999110259325,0.0,0.8181818181818182,0.3225806451612903,22373.1,22253.7
2018-09-11,0.00867386447587435,0.25,0.8181818181818182,0.3548387096774194,22664.7,22469.8
2018-09-12,-0.004321071942984851,0.5,0.8181818181818182,0.3870967741935484,22604.6,22702.7
2018-09-13,0.007211612726686844,0.75,0.8181818181818182,0.41935483870967744,22821.3,22657.9
2018-09-14,0.0025568897107980386,1.0,0.8181818181818182,0.45161290322580644,23094.7,23035.8
2018-09-18,0.016417703170704154,0.25,0.8181818181818182,0.5806451612903226,23420.5,23042.2
2018-09-19,-0.0034729530625131552,0.5,0.8181818181818182,0.6129032258064516,23672.5,23755.0
2018-09-20,-0.0032796133508469663,0.75,0.8181818181818182,0.6451612903225806,23674.9,23752.8
2018-09-21,0.0008931341881704967,1.0,0.8181818181818182,0.6774193548387096,23869.9,23848.6
2018-09-25,0.0024495641032083013,0.25,0.8181818181818182,0.8064516129032258,23940.3,23881.8
2018-09-26,0.007850175706390041,0.5,0.8181818181818182,0.8387096774193549,24033.8,23846.6
2018-09-27,-0.0062514615975679325,0.75,0.8181818181818182,0.8709677419354839,23796.7,23946.4
2018-09-28,0.0016611295681063125,1.0,0.8181818181818182,0.9032258064516129,24120.0,24080.0
2018-10-01,0.0029950275923121203,0.0,0.9090909090909091,0.03225806451612903,24245.8,24173.4
2018-10-02,-0.004332094419967106,0.25,0.9090909090909091,0.06451612903225806,24270.6,24376.2
2018-10-03,-0.004467529893638135,0.5,0.9090909090909091,0.0967741935483871,24111.0,24219.2
2018-10-04,-0.01099327203501347,0.75,0.9090909090909091,0.12903225806451613,23975.6,24242.1
2018-10-05,7.989302744121366e-05,1.0,0.9090909090909091,0.16129032258064516,23783.7,23781.8
2018-10-09,-0.0034436636164836645,0.25,0.9090909090909091,0.2903225806451613,23469.4,23550.5
2018-10-10,-0.0013976863829661306,0.5,0.9090909090909091,0.3225806451612903,23506.0,23538.9
2018-10-11,-0.019636859144049917,0.75,0.9090909090909091,0.3548387096774194,22590.9,23043.4
2018-10-12,0.01663277099366581,1.0,0.9090909090909091,0.3870967741935484,22694.7,22323.4
2018-10-15,-0.010221631639060856,0.0,0.9090909090909091,0.4838709677419355,22271.3,22501.3
2018-10-16,0.0112565139787068,0.25,0.9090909090909091,0.5161290322580645,22549.2,22298.2
2018-10-17,0.0015127200021046539,0.5,0.9090909090909091,0.5483870967741935,22841.1,22806.6
2018-10-18,-0.009317354063826654,0.75,0.9090909090909091,0.5806451612903226,22658.2,22871.3
2018-10-19,0.008508638438814723,1.0,0.9090909090909091,0.6129032258064516,22532.1,22342.0
2018-10-22,0.010753457106846212,0.0,0.9090909090909091,0.7096774193548387,22614.8,22374.2
2018-10-23,-0.01755482255480021,0.25,0.9090909090909091,0.7419354838709677,22010.8,22404.1
2018-10-24,-0.003455462427484845,0.5,0.9090909090909091,0.7741935483870968,22091.2,22167.8
2018-10-25,-0.01882657956894,0.75,0.9090909090909091,0.8064516129032258,21268.7,21676.8
2018-10-26,-0.011949181000708964,1.0,0.9090909090909091,0.8387096774193549,21184.6,21440.8
2018-10-29,-0.008150593708379415,0.0,0.9090909090909091,0.9354838709677419,21149.8,21323.6
2018-10-30,0.019373381790541308,0.25,0.9090909090909091,0.967741935483871,21457.3,21049.5
2018-10-31,0.016268266449076547,0.5,0.9090909090909091,1.0,21920.5,21569.6
2018-11-01,-0.00998338385129463,0.75,1.0,0.03225806451612903,21687.7,21906.4
2018-11-02,0.02215370193368145,1.0,1.0,0.06451612903225806,22243.7,21761.6
2018-11-05,-0.0047040109078513815,0.0,1.0,0.16129032258064516,21899.0,22002.5
2018-11-06,0.0058540617378705475,0.25,1.0,0.1935483870967742,22147.8,22018.9
2018-11-07,-0.004682352623063921,0.5,1.0,0.22580645161290322,22085.8,22189.7
2018-11-08,0.0018221509400339238,0.75,1.0,0.25806451612903225,22486.9,22446.0
2018-11-09,-0.009839217134745143,1.0,1.0,0.2903225806451613,22250.2,22471.3
2018-11-12,0.006699304303014721,0.0,1.0,0.3870967741935484,22269.9,22121.7
2018-11-13,-0.0034132655858754193,0.25,1.0,0.41935483870967744,21810.5,21885.2
2018-11-14,-0.0002105157177441202,0.5,1.0,0.45161290322580644,21846.5,21851.1
2018-11-15,0.006151276170611356,0.75,1.0,0.4838709677419355,21803.6,21670.3
2018-11-16,-0.005714311920715169,1.0,1.0,0.5161290322580645,21680.3,21804.9
2018-11-19,0.006559343143133942,0.0,1.0,0.6129032258064516,21821.2,21679.0
2018-11-20,1.853336236883324e-05,0.25,1.0,0.6451612903225806,21583.1,21582.7
2018-11-21,0.010367927541950915,0.5,1.0,0.6774193548387096,21507.5,21286.8
2018-11-22,0.0029699988416540504,0.75,1.0,0.7096774193548387,21646.6,21582.5
2018-11-26,0.007589720847942242,0.0,1.0,0.8387096774193549,21812.0,21647.7
2018-11-27,-0.0007101238164602397,0.25,1.0,0.8709677419354839,21952.4,21968.0
2018-11-28,0.006366651994173323,0.5,1.0,0.9032258064516129,22177.0,22036.7
2018-11-29,-0.004400518760341731,0.75,1.0,0.9354838709677419,22262.6,22361.0
2018-11-30,0.0034163860830526845,1.0,1.0,0.967741935483871,22351.1,22275.0
2018-12-03,-0.0024127904407541595,0.0,1.0909090909090908,0.0967741935483871,22574.8,22629.4
2018-12-04,-0.022095500133132218,0.25,1.0909090909090908,0.12903225806451613,22036.1,22534.0
2018-12-05,0.00754302419651387,0.5,1.0909090909090908,0.16129032258064516,21919.3,21755.2
2018-12-06,-0.01217007787195927,0.75,1.0909090909090908,0.1935483870967742,21501.6,21766.5
2018-12-07,0.0016124710078637512,1.0,1.0909090909090908,0.22580645161290322,21678.7,21643.8
2018-12-10,-0.0046905415230188326,0.0,1.0909090909090908,0.3225806451612903,21219.5,21319.5
2018-12-11,-0.0058759930428242384,0.25,1.0909090909090908,0.3548387096774194,21148.0,21273.0
2018-12-12,0.011916583912611614,0.5,1.0909090909090908,0.3870967741935484,21602.8,21348.4
2018-12-13,0.002808536848830949,0.75,1.0909090909090908,0.41935483870967744,21816.2,21755.1
2018-12-14,-0.012209436665280314,1.0,1.0909090909090908,0.45161290322580644,21374.8,21639.0
2018-12-17,0.005385266248124306,0.0,1.0909090909090908,0.5483870967741935,21506.9,21391.7
2018-12-18,-0.007525087542008345,0.25,1.0909090909090908,0.5806451612903226,21115.4,21275.5
2018-12-19,-0.00565209975742871,0.5,1.0909090909090908,0.6129032258064516,20987.9,21107.2
2018-12-20,-0.01863820326373096,0.75,1.0909090909090908,0.6451612903225806,20392.6,20779.9
2018-12-21,-0.007104699539646945,1.0,1.0909090909090908,0.6774193548387096,20166.2,20310.5
2018-12-25,-0.03182649832704927,0.25,1.0909090909090908,0.8064516129032258,19155.7,19785.4
2018-12-26,0.0012692590635458435,0.5,1.0909090909090908,0.8387096774193549,19327.1,19302.6
2018-12-27,0.018846860378966917,0.75,1.0909090909090908,0.8709677419354839,20077.6,19706.2
2018-12-28,0.002851001357858182,1.0,1.0909090909090908,0.9032258064516129,20014.8,19957.9
2019-01-04,-0.004736684117608079,1.0,0.09090909090909091,0.12903225806451613,19562.0,19655.1
2019-01-07,0.0047331107166852905,0.0,0.09090909090909091,0.22580645161290322,20039.0,19944.6
2019-01-08,-0.0010235009666398377,0.25,0.09090909090909091,0.25806451612903225,20204.0,20224.7
2019-01-09,0.002985323794700033,0.5,0.09090909090909091,0.2903225806451613,20427.1,20366.3
2019-01-10,-0.005283435861259351,0.75,0.09090909090909091,0.3225806451612903,20163.8,20270.9
2019-01-11,0.003118779685067267,1.0,0.09090909090909091,0.3548387096774194,20359.7,20296.4
2019-01-15,0.014335201926493232,0.25,0.09090909090909091,0.4838709677419355,20555.3,20264.8
2019-01-16,-0.0064590755114043,0.5,0.09090909090909091,0.5161290322580645,20442.8,20575.7
2019-01-17,-0.006907058926607094,0.75,0.09090909090909091,0.5483870967741935,20402.3,20544.2
2019-01-18,0.009441795943886487,1.0,0.09090909090909091,0.5806451612903226,20666.1,20472.8
2019-01-21,-0.006192321712937308,0.0,0.09090909090909091,0.6774193548387096,20719.3,20848.4
2019-01-22,-0.007087110798696062,0.25,0.09090909090909091,0.7096774193548387,20622.9,20770.1
2019-01-23,0.006859495242844674,0.5,0.09090909090909091,0.7419354838709677,20593.7,20453.4
2019-01-24,0.003335576557333773,0.75,0.09090909090909091,0.7741935483870968,20574.6,20506.2
2019-01-25,0.008495723010301671,1.0,0.09090909090909091,0.8064516129032258,20773.6,20598.6
2019-01-28,-0.004689992914399159,0.0,0.09090909090909091,0.9032258064516129,20649.0,20746.3
2019-01-29,0.005312472634927907,0.25,0.09090909090909091,0.9354838709677419,20664.6,20555.4
2019-01-30,-0.007009120068013997,0.5,0.09090909090909091,0.967741935483871,20556.5,20701.6
2019-01-31,-0.002851259306193639,0.75,0.09090909090909091,1.0,20773.5,20832.9
2019-02-01,-0.0004135211809394886,1.0,0.18181818181818182,0.03225806451612903,20788.4,20797.0
2019-02-04,0.002491371406352652,0.0,0.18181818181818182,0.12903225806451613,20883.8,20831.9
2019-02-05,-0.005538990005009353,0.25,0.18181818181818182,0.16129032258064516,20844.4,20960.5
2019-02-06,-0.002618388926317337,0.5,0.18181818181818182,0.1935483870967742,20874.1,20928.9
2019-02-07,-0.0029261683051287927,0.75,0.18181818181818182,0.22580645161290322,20751.3,20812.2
2019-02-08,-0.008644352892420921,1.0,0.18181818181818182,0.25806451612903225,20333.2,20510.5
2019-02-12,0.02062359973780254,0.25,0.18181818181818182,0.3870967741935484,20864.2,20442.6
2019-02-13,0.0054493839723440685,0.5,0.18181818181818182,0.41935483870967744,21144.5,21029.9
2019-02-14,-0.0003877453553308237,0.75,0.18181818181818182,0.45161290322580644,21139.7,21147.9
2019-02-15,-0.007168135287271759,1.0,0.18181818181818182,0.4838709677419355,20900.6,21051.5
2019-02-18,0.0030399720982405873,0.0,0.18181818181818182,0.5806451612903226,21281.8,21217.3
2019-02-19,0.0021687381801418,0.25,0.18181818181818182,0.6129032258064516,21302.7,21256.6
2019-02-20,0.004005434273400168,0.5,0.18181818181818182,0.6451612903225806,21431.5,21346.0
2019-02-21,0.001955905761753008,0.75,0.18181818181818182,0.6774193548387096,21464.2,21422.3
2019-02-22,0.002296925581482314,1.0,0.18181818181818182,0.7096774193548387,21425.5,21376.4
2019-02-25,-0.0018314423883863372,0.0,0.18181818181818182,0.8064516129032258,21528.2,21567.7
2019-02-26,-0.004945258860641981,0.25,0.18181818181818182,0.8387096774193549,21449.4,21556.0
2019-02-27,0.0024134371250802834,0.5,0.18181818181818182,0.8709677419354839,21556.5,21504.6
2019-02-28,-0.007029893297920648,0.75,0.18181818181818182,0.9032258064516129,21385.2,21536.6
2019-03-01,0.005244299674267135,1.0,0.2727272727272727,0.03225806451612903,21602.7,21490.0
2019-03-04,0.00042177070344021533,0.0,0.2727272727272727,0.12903225806451613,21822.0,21812.8
2019-03-05,0.0006217530673151323,0.25,0.2727272727272727,0.16129032258064516,21726.3,21712.8
2019-03-06,-0.002871785400988076,0.5,0.2727272727272727,0.1935483870967742,21596.8,21659.0
2019-03-07,-4.1944549305885524e-05,0.75,0.2727272727272727,0.22580645161290322,21456.0,21456.9
2019-03-08,-0.014695958611381971,1.0,0.2727272727272727,0.25806451612903225,21025.6,21339.2
2019-03-11,0.0029578213722771555,0.0,0.2727272727272727,0.3548387096774194,21125.1,21062.8
2019-03-12,0.00665212343644681,0.25,0.2727272727272727,0.3870967741935484,21503.7,21361.6
2019-03-13,-0.0063288185271961174,0.5,0.2727272727272727,0.41935483870967744,21290.2,21425.8
2019-03-14,-0.008735901949279545,0.75,0.2727272727272727,0.45161290322580644,21287.0,21474.6
2019-03-15,0.003466390977091812,1.0,0.2727272727272727,0.4838709677419355,21450.8,21376.7
2019-03-18,0.00037541017037126415,0.0,0.2727272727272727,0.5806451612903226,21584.5,21576.4
2019-03-19,0.00038963930532868015,0.25,0.2727272727272727,0.6129032258064516,21566.8,21558.4
2019-03-20,0.002793672008056204,0.5,0.2727272727272727,0.6451612903225806,21608.9,21548.7
2019-03-22,-0.0039607061110010925,1.0,0.2727272727272727,0.7096774193548387,21627.3,21713.3
2019-03-25,-0.013649999529796914,0.0,0.2727272727272727,0.8064516129032258,20977.1,21267.4
2019-03-26,0.012000396707329272,0.25,0.2727272727272727,0.8387096774193549,21428.4,21174.3
2019-03-27,0.0011754458264649607,0.5,0.2727272727272727,0.8709677419354839,21378.7,21353.6
2019-03-28,-0.0074322953287434,0.75,0.2727272727272727,0.9032258064516129,21033.8,21191.3
2019-03-29,-0.0010693171915114458,1.0,0.2727272727272727,0.9354838709677419,21205.8,21228.5
2019-04-01,0.0003767284160197268,0.0,0.36363636363636365,0.03225806451612903,21509.0,21500.9
2019-04-02,-0.011005031134166609,0.25,0.36363636363636365,0.06451612903225806,21505.3,21744.6
2019-04-03,0.0069376170954758105,0.5,0.36363636363636365,0.0967741935483871,21713.2,21563.6
2019-04-04,9.206111016526241e-06,0.75,0.36363636363636365,0.12903225806451613,21724.9,21724.7
2019-04-05,0.0029618591645166267,1.0,0.36363636363636365,0.16129032258064516,21807.5,21743.1
2019-04-08,-0.00634229199200012,0.0,0.36363636363636365,0.25806451612903225,21761.7,21900.6
2019-04-09,0.002404564534742016,0.25,0.36363636363636365,0.2903225806451613,21802.6,21750.3
2019-04-10,0.0050000695097706565,0.5,0.36363636363636365,0.3225806451612903,21687.6,21579.7
2019-04-11,0.0022481038836341147,0.75,0.36363636363636365,0.3548387096774194,21711.4,21662.7
2019-04-12,0.004053750063124614,1.0,0.36363636363636365,0.3870967741935484,21870.6,21782.3
2019-04-15,0.002083804185689036,0.0,0.36363636363636365,0.4838709677419355,22169.1,22123.0
2019-04-16,0.005133841741978089,0.25,0.36363636363636365,0.5161290322580645,22221.7,22108.2
2019-04-17,0.0018708064255004648,0.5,0.36363636363636365,0.5483870967741935,22278.0,22236.4
2019-04-18,-0.008260715359992099,0.75,0.36363636363636365,0.5806451612903226,22090.1,22274.1
2019-04-19,-0.0016862951421209547,1.0,0.36363636363636365,0.6129032258064516,22200.6,22238.1
2019-04-22,0.001320497913343019,0.0,0.36363636363636365,0.7096774193548387,22217.9,22188.6
2019-04-23,0.0008092906567393679,0.25,0.36363636363636365,0.7419354838709677,22259.7,22241.7
2019-04-24,-0.007013526086023013,0.5,0.36363636363636365,0.7741935483870968,22200.0,22356.8
2019-04-25,0.005603314204829728,0.75,0.36363636363636365,0.8064516129032258,22307.6,22183.3
2019-04-26,0.004114131047705007,1.0,0.36363636363636365,0.8387096774193549,22258.7,22167.5
2019-04-30,0.004114131047705007,0.25,0.36363636363636365,0.967741935483871,22258.7,22167.5
2019-05-01,0.004114131047705007,0.5,0.45454545454545453,0.03225806451612903,22258.7,22167.5
2019-05-02,0.004114131047705007,0.75,0.45454545454545453,0.06451612903225806,22258.7,22167.5
2019-05-07,-0.011751501054795294,0.25,0.45454545454545453,0.22580645161290322,21923.7,22184.4
2019-05-08,-0.0011744035509525365,0.5,0.45454545454545453,0.25806451612903225,21602.6,21628.0
2019-05-09,-0.004224650931237892,0.75,0.45454545454545453,0.2903225806451613,21402.1,21492.9
2019-05-10,-0.004054722421821678,1.0,0.45454545454545453,0.3225806451612903,21344.9,21431.8
2019-05-13,0.0005004556034502422,0.0,0.45454545454545453,0.41935483870967744,21191.3,21180.7
2019-05-14,0.009410276558637016,0.25,0.45454545454545453,0.45161290322580644,21067.2,20870.8
2019-05-15,0.0035902390966617063,0.5,0.45454545454545453,0.4838709677419355,21188.6,21112.8
2019-05-16,-0.004264130249796755,0.75,0.45454545454545453,0.5161290322580645,21063.0,21153.2
2019-05-17,0.00015061020666530596,1.0,0.45454545454545453,0.5483870967741935,21250.1,21246.9
2019-05-20,-0.00020182108326289647,0.0,0.45454545454545453,0.6451612903225806,21301.7,21306.0
2019-05-21,0.00288054008948071,0.25,0.45454545454545453,0.6774193548387096,21272.4,21211.3
2019-05-22,-0.004215500502959204,0.5,0.45454545454545453,0.7096774193548387,21283.4,21373.5
2019-05-23,-0.0013739247032606954,0.75,0.45454545454545453,0.7419354838709677,21151.1,21180.2
2019-05-24,0.006501182033096996,1.0,0.45454545454545453,0.7741935483870968,21117.2,20980.8
2019-05-27,0.0016124074993497668,0.0,0.45454545454545453,0.8709677419354839,21182.6,21148.5
2019-05-28,0.003440756683280368,0.25,0.45454545454545453,0.9032258064516129,21260.1,21187.2
2019-05-29,-0.0024696752377062416,0.5,0.45454545454545453,0.9354838709677419,21003.4,21055.4
2019-05-30,0.002921246079065201,0.75,0.45454545454545453,0.967741935483871,20942.5,20881.5
2019-05-31,-0.008852452706733637,1.0,0.45454545454545453,1.0,20601.2,20785.2
2019-06-03,0.004083058259830085,0.0,0.5454545454545454,0.0967741935483871,20410.9,20327.9
2019-06-04,-0.0013407777489614578,0.25,0.5454545454545454,0.12903225806451613,20408.5,20435.9
2019-06-05,0.005235171449445617,0.5,0.5454545454545454,0.16129032258064516,20776.1,20667.9
2019-06-06,0.001359311282283678,0.75,0.5454545454545454,0.1935483870967742,20774.0,20745.8
2019-06-07,0.0011936835444252322,1.0,0.5454545454545454,0.22580645161290322,20884.7,20859.8
2019-06-10,0.0018487442760032992,0.0,0.5454545454545454,0.3225806451612903,21134.4,21095.4
2019-06-11,0.004966942344605288,0.25,0.5454545454545454,0.3548387096774194,21204.3,21099.5
2019-06-12,-3.312762654756785e-05,0.5,0.5454545454545454,0.3870967741935484,21129.7,21130.4
2019-06-13,-0.0004229857087862903,0.75,0.5454545454545454,0.41935483870967744,21032.0,21040.9
